gene	selected_transcript	CDS_plus4_bases	minimum_strict_read_depth	bases_ge20	candidates
PIK3CA	ENST00000263967.4	3364	260	3364	0
FGFR1	ENST00000447712.7	2602	1670	2602	1
FGFR2	ENST00000358487.10	2599	702	2599	1
FGFR3	ENST00000440486.8	2554	1398	2554	2
ALK	ENST00000389048.8	5092	1198	5092	10
ROS1	ENST00000368507.8	7375	180	7375	6
RET	ENST00000355710.8	3502	1920	3502	4
NTRK1	ENST00000524377.7	2524	1502	2524	1
NTRK2	ENST00000277120.8	2658	708	2658	0
NTRK3	ENST00000394480.6	2611	1263	2611	2
IDH1	ENST00000345146.7	1306	643	1306	0
IDH2	ENST00000330062.8	1444	1334	1444	0
KIT	ENST00000288135.6	3096	543	3096	1
PDGFRA	ENST00000257290.10	3443	175	3443	7
MAP2K1	ENST00000307102.10	1267	1155	1267	0
MAP2K2	ENST00000262948.10	1288	1540	1288	1
BRCA1	ENST00000357654.9	5765	871	5765	7
BRCA2	ENST00000380152.8	10462	436	10462	5
PALB2	ENST00000261584.9	3662	385	3662	0
ATM	ENST00000675843.1	9664	146	9664	0
POLE	ENST00000320574.10	7250	2032	7250	6
POLD1	ENST00000440232.7	3529	2880	3529	0
