gene	chrom	pos1	ref	alt	consequence	protein	transcript	Caris_protein	Caris_classification	Caris_filter	Caris_VCF_line
FGFR1	chr8	38428395	G	GTCA	inframe_indel	in-frame indel; precise HGVS not assigned by screen	ENST00000447712.7	D133dup	Benign	Benign	1544
ALK	chr2	29193500	G	C	missense	D1529E	ENST00000389048.8	D1529E	Benign	Benign	473
ALK	chr2	29193615	T	C	missense	K1491R	ENST00000389048.8	K1491R	Benign	Benign	474
ALK	chr2	29193706	T	C	missense	I1461V	ENST00000389048.8	I1461V	Benign	Benign	475
ALK	chr2	29222407	G	A	missense	T1151M	ENST00000389048.8	T1151M	VUS	.	476
ROS1	chr6	117301021	G	C	missense	S2223C	ENST00000368507.8	S2229C	Benign	Benign	1229
ROS1	chr6	117301025	T	G	missense	K2222Q	ENST00000368507.8	K2228Q	Benign	Benign	1230
ROS1	chr6	117301070	C	T	missense	D2207N	ENST00000368507.8	D2213N	Benign	Benign	1231
ROS1	chr6	117362658	G	A	missense	S1104L	ENST00000368507.8	S1109L	Benign	Benign	1233
ROS1	chr6	117404285	T	G	missense	T154P	ENST00000368507.8	T145P	Benign	Benign	1234
PDGFRA	chr4	54273604	T	C	missense	S478P	ENST00000257290.10	S478P	Benign	Benign	916
BRCA1	chr17	43071077	T	C	missense	S1613G	ENST00000357654.9	S1613G	Benign	Benign	2637
BRCA1	chr17	43091983	T	C	missense	K1183R	ENST00000357654.9	K1183R	Benign	Benign	2640
BRCA1	chr17	43092418	T	C	missense	E1038G	ENST00000357654.9	E1038G	Benign	Benign	2641
BRCA1	chr17	43092919	G	A	missense	P871L	ENST00000357654.9	P871L	Benign	Benign	2642
BRCA2	chr13	32332592	A	C	missense	N372H	ENST00000380152.8	N372H	Benign	Benign	2186
BRCA2	chr13	32355250	T	C	missense	V2466A	ENST00000380152.8	V2466A	Benign	Benign	2192
POLE	chr12	132643940	T	C	missense	N1396S	ENST00000320574.10	N1396S	Benign	Benign	2162
