allele	CDS_start_1based	CDS_end_1based	marker_length	pair_count_Q30_end5	number_compatible_other_HLA_B_groups
B*50:01	1	91	91	7	253
B*50:01	2	92	91	8	252
B*50:01	3	93	91	8	252
B*50:01	4	94	91	8	253
B*50:01	5	95	91	19	253
B*50:01	6	96	91	22	254
B*50:01	7	97	91	24	252
B*50:01	8	98	91	30	251
B*50:01	9	99	91	27	251
B*50:01	10	100	91	25	250
B*50:01	11	101	91	33	249
B*50:01	12	102	91	31	250
B*50:01	13	103	91	31	248
B*50:01	14	104	91	33	247
B*50:01	15	105	91	33	248
B*50:01	16	106	91	40	251
B*50:01	17	107	91	43	251
B*50:01	18	108	91	49	251
B*50:01	19	109	91	50	251
B*50:01	20	110	91	51	250
B*50:01	21	111	91	60	250
B*50:01	22	112	91	63	250
B*50:01	23	113	91	62	250
B*50:01	24	114	91	63	250
B*50:01	25	115	91	64	250
B*50:01	26	116	91	64	251
B*50:01	27	117	91	65	251
B*50:01	28	118	91	68	251
B*50:01	29	119	91	70	251
B*50:01	30	120	91	71	251
B*50:01	31	121	91	74	251
B*50:01	32	122	91	74	250
B*50:01	33	123	91	73	250
B*50:01	34	124	91	73	250
B*50:01	35	125	91	76	250
B*50:01	36	126	91	77	249
B*50:01	37	127	91	76	249
B*50:01	38	128	91	69	249
B*50:01	39	129	91	66	249
B*50:01	40	130	91	65	249
B*50:01	41	131	91	69	248
B*50:01	42	132	91	72	250
B*50:01	43	133	91	71	250
B*50:01	44	134	91	72	249
B*50:01	45	135	91	72	250
B*50:01	46	136	91	71	252
B*50:01	47	137	91	69	252
B*50:01	48	138	91	69	252
B*50:01	49	139	91	68	251
B*50:01	50	140	91	68	258
B*50:01	51	141	91	68	257
B*50:01	52	142	91	68	253
B*50:01	53	143	91	71	251
B*50:01	54	144	91	71	251
B*50:01	55	145	91	63	249
B*50:01	56	146	91	58	249
B*50:01	57	147	91	59	249
B*50:01	58	148	91	59	249
B*50:01	59	149	91	59	249
B*50:01	60	150	91	59	249
B*50:01	61	151	91	58	249
B*50:01	62	152	91	59	248
B*50:01	63	153	91	57	249
B*50:01	64	154	91	51	248
B*50:01	65	155	91	50	247
B*50:01	66	156	91	48	247
B*50:01	67	157	91	46	247
B*50:01	68	158	91	50	247
B*50:01	69	159	91	47	247
B*50:01	70	160	91	51	247
B*50:01	71	161	91	51	247
B*50:01	72	162	91	50	246
B*50:01	73	163	91	57	247
B*50:01	74	164	91	58	459
B*50:01	75	165	91	57	456
B*50:01	76	166	91	59	456
B*50:01	77	167	91	52	455
B*50:01	78	168	91	54	455
B*50:01	79	169	91	54	455
B*50:01	80	170	91	53	455
B*50:01	81	171	91	54	455
B*50:01	82	172	91	54	454
B*50:01	83	173	91	52	454
B*50:01	84	174	91	51	454
B*50:01	85	175	91	45	454
B*50:01	86	176	91	46	456
B*50:01	87	177	91	47	457
B*50:01	88	178	91	49	456
B*50:01	89	179	91	46	456
B*50:01	90	180	91	46	456
B*50:01	91	181	91	41	456
B*50:01	92	182	91	43	456
B*50:01	93	183	91	43	457
B*50:01	94	184	91	54	457
B*50:01	95	185	91	54	456
B*50:01	96	186	91	53	454
B*50:01	97	187	91	57	454
B*50:01	212	302	91	276	583
B*50:01	213	303	91	287	584
B*50:01	219	309	91	340	911
B*50:01	220	310	91	342	908
B*50:01	221	311	91	330	904
B*50:01	222	312	91	334	903
B*50:01	223	313	91	334	1002
B*50:01	224	314	91	338	1001
B*50:01	225	315	91	341	1001
B*50:01	226	316	91	350	1001
B*50:01	227	317	91	351	997
B*50:01	228	318	91	357	997
B*50:01	229	319	91	379	999
B*50:01	230	320	91	384	1000
B*50:01	231	321	91	371	999
B*50:01	232	322	91	371	995
B*50:01	233	323	91	369	993
B*50:01	234	324	91	378	992
B*50:01	235	325	91	392	991
B*50:01	236	326	91	419	991
B*50:01	237	327	91	423	991
B*50:01	238	328	91	422	990
B*50:01	239	329	91	407	990
B*50:01	240	330	91	388	992
B*50:01	241	331	91	194	991
B*50:01	242	332	91	179	989
B*50:01	243	333	91	168	995
B*50:01	244	334	91	165	995
B*50:01	245	335	91	164	995
B*50:01	246	336	91	140	995
B*50:01	247	337	91	114	997
B*50:01	248	338	91	113	998
B*50:01	249	339	91	108	998
B*50:01	250	340	91	102	997
B*50:01	251	341	91	104	996
B*50:01	252	342	91	85	998
B*50:01	253	343	91	91	998
B*50:01	254	344	91	89	997
B*50:01	255	345	91	86	997
B*50:01	256	346	91	89	995
B*50:01	257	347	91	93	997
B*50:01	258	348	91	97	1000
B*50:01	259	349	91	96	1000
B*50:01	260	350	91	98	999
B*50:01	261	351	91	98	1001
B*50:01	264	354	91	102	198
B*50:01	265	355	91	98	197
B*50:01	266	356	91	98	199
B*50:01	267	357	91	81	199
B*50:01	268	358	91	93	199
B*50:01	269	359	91	91	197
B*50:01	270	360	91	101	197
B*50:01	271	361	91	98	197
B*50:01	272	362	91	102	115
B*50:01	273	363	91	103	116
B*50:01	274	364	91	102	116
B*50:01	275	365	91	99	116
B*50:01	276	366	91	94	115
B*50:01	277	367	91	100	115
B*50:01	278	368	91	102	114
B*50:01	279	369	91	108	112
B*50:01	280	370	91	108	112
B*50:01	281	371	91	121	112
B*50:01	282	372	91	125	112
B*50:01	283	373	91	128	112
B*50:01	284	374	91	139	112
B*50:01	285	375	91	138	112
B*50:01	286	376	91	138	112
B*50:01	287	377	91	145	112
B*50:01	288	378	91	144	112
B*50:01	289	379	91	181	80
B*50:01	290	380	91	184	80
B*50:01	291	381	91	185	80
B*50:01	292	382	91	188	80
B*50:01	293	383	91	190	83
B*50:01	294	384	91	190	83
B*50:01	295	385	91	191	83
B*50:01	296	386	91	192	83
B*50:01	297	387	91	192	81
B*50:01	298	388	91	195	81
B*50:01	299	389	91	198	81
B*50:01	300	390	91	206	81
B*50:01	301	391	91	219	81
B*50:01	302	392	91	226	81
B*50:01	303	393	91	229	81
B*50:01	304	394	91	236	81
B*50:01	305	395	91	236	81
B*50:01	306	396	91	240	81
B*50:01	307	397	91	262	79
B*50:01	308	398	91	280	78
B*50:01	309	399	91	281	78
B*50:01	310	400	91	281	78
B*50:01	311	401	91	289	78
B*50:01	312	402	91	294	78
B*50:01	531	621	91	534	700
B*50:01	532	622	91	546	699
B*50:01	533	623	91	550	699
B*50:01	534	624	91	546	699
B*50:01	535	625	91	550	698
B*50:01	536	626	91	558	697
B*50:01	537	627	91	564	696
B*50:01	538	628	91	566	696
B*50:01	539	629	91	568	695
B*50:01	540	630	91	573	1009
B*50:01	541	631	91	575	1019
B*50:01	542	632	91	581	1019
B*50:01	543	633	91	560	1019
B*50:01	544	634	91	564	1019
B*50:01	545	635	91	564	1026
B*50:01	546	636	91	563	569
B*50:01	547	637	91	542	569
B*50:01	548	638	91	520	569
B*50:01	549	639	91	498	569
B*50:01	550	640	91	460	570
B*50:01	551	641	91	346	570
B*50:01	552	642	91	275	570
B*50:01	553	643	91	241	570
B*50:01	554	644	91	202	571
B*50:01	555	645	91	196	572
B*50:01	556	646	91	149	571
B*50:01	557	647	91	103	571
B*50:01	558	648	91	95	571
B*50:01	559	649	91	79	571
B*50:01	560	650	91	78	570
B*50:01	561	651	91	74	831
B*50:01	562	652	91	72	829
B*50:01	563	653	91	73	829
B*50:01	564	654	91	74	832
B*50:01	565	655	91	73	835
B*50:01	566	656	91	75	837
B*50:01	567	657	91	73	837
B*50:01	568	658	91	73	837
B*50:01	569	659	91	70	837
B*50:01	570	660	91	69	836
B*50:01	571	661	91	70	835
B*50:01	572	662	91	79	838
B*50:01	573	663	91	64	1114
B*50:01	574	664	91	56	1111
B*50:01	575	665	91	50	1113
B*50:01	576	666	91	50	1113
B*50:01	577	667	91	44	1113
B*50:01	578	668	91	40	871
B*50:01	579	669	91	43	874
B*50:01	580	670	91	42	875
B*50:01	581	671	91	46	877
B*50:01	582	672	91	43	877
B*50:01	583	673	91	45	876
B*50:01	584	674	91	47	1060
B*50:01	585	675	91	46	1061
B*50:01	586	676	91	45	1061
B*50:01	587	677	91	46	1061
B*50:01	588	678	91	49	1061
B*50:01	589	679	91	51	1060
B*50:01	590	680	91	55	1060
B*50:01	591	681	91	57	1061
B*50:01	592	682	91	61	1061
B*50:01	593	683	91	72	1058
B*50:01	594	684	91	88	1060
B*50:01	595	685	91	89	1058
B*50:01	596	686	91	98	1060
B*50:01	597	687	91	97	1062
B*50:01	598	688	91	100	1062
B*50:01	599	689	91	113	1062
B*50:01	600	690	91	148	1063
B*50:01	601	691	91	169	1064
B*50:01	602	692	91	181	1063
B*50:01	603	693	91	182	1063
B*50:01	604	694	91	185	1064
B*50:01	605	695	91	189	1064
B*50:01	606	696	91	191	1064
B*50:01	607	697	91	193	1064
B*50:01	608	698	91	204	1064
B*50:01	609	699	91	183	1065
B*50:01	610	700	91	180	1066
B*50:01	611	701	91	182	1072
B*50:01	612	702	91	194	1073
B*50:01	613	703	91	194	1073
B*50:01	614	704	91	196	1065
B*50:01	615	705	91	198	1066
B*50:01	616	706	91	194	1066
B*50:01	617	707	91	195	1068
B*50:01	618	708	91	194	1068
B*50:01	619	709	91	195	1071
B*50:01	620	710	91	197	1072
B*50:01	621	711	91	193	1072
B*50:01	622	712	91	192	1072
B*50:01	623	713	91	191	1071
B*50:01	697	787	91	44	1088
B*50:01	698	788	91	46	1088
B*50:01	699	789	91	47	1088
B*50:01	700	790	91	48	1088
B*50:01	701	791	91	48	1088
B*50:01	702	792	91	48	1088
B*50:01	703	793	91	51	1088
B*50:01	704	794	91	52	1088
B*50:01	705	795	91	54	1095
B*50:01	706	796	91	56	1095
B*50:01	707	797	91	58	1095
B*50:01	708	798	91	58	1096
B*50:01	709	799	91	58	1096
B*50:01	710	800	91	58	1097
B*50:01	711	801	91	48	1097
B*50:01	712	802	91	47	1097
B*50:01	713	803	91	51	1097
B*50:01	714	804	91	47	1097
B*50:01	715	805	91	47	1097
B*50:01	716	806	91	52	1097
B*50:01	717	807	91	56	1098
B*50:01	718	808	91	67	1097
B*50:01	719	809	91	70	1097
B*50:01	720	810	91	70	1098
B*50:01	721	811	91	70	1097
B*50:01	722	812	91	71	1097
B*50:01	723	813	91	72	1099
B*50:01	724	814	91	72	1099
B*50:01	725	815	91	75	1099
B*50:01	726	816	91	76	1099
B*50:01	727	817	91	79	1100
B*50:01	728	818	91	80	1104
B*50:01	729	819	91	82	1107
B*50:01	730	820	91	82	1107
B*50:01	731	821	91	84	1104
B*50:01	732	822	91	84	1104
B*50:01	733	823	91	85	1103
B*50:01	734	824	91	85	1101
B*50:01	735	825	91	88	1103
B*50:01	736	826	91	88	1102
B*50:01	737	827	91	88	1106
B*50:01	738	828	91	90	1107
B*50:01	739	829	91	91	1106
B*50:01	740	830	91	83	1106
B*50:01	741	831	91	80	1106
B*50:01	742	832	91	78	1106
B*50:01	743	833	91	79	1106
B*50:01	744	834	91	79	1107
B*50:01	745	835	91	69	1107
B*50:01	746	836	91	62	1106
B*50:01	747	837	91	61	1106
B*50:01	748	838	91	60	1106
B*50:01	749	839	91	64	1105
B*50:01	750	840	91	64	1105
B*50:01	751	841	91	65	1105
B*50:01	752	842	91	63	1105
B*50:01	753	843	91	65	1106
B*50:01	754	844	91	58	1106
B*50:01	755	845	91	40	1107
B*50:01	756	846	91	33	1108
B*52:01	1	91	91	18	602
B*52:01	2	92	91	19	603
B*52:01	3	93	91	20	602
B*52:01	4	94	91	22	602
B*52:01	5	95	91	34	604
B*52:01	6	96	91	44	604
B*52:01	7	97	91	53	594
B*52:01	8	98	91	62	595
B*52:01	9	99	91	64	596
B*52:01	10	100	91	66	596
B*52:01	11	101	91	66	596
B*52:01	12	102	91	72	603
B*52:01	13	103	91	74	593
B*52:01	14	104	91	84	592
B*52:01	15	105	91	86	592
B*52:01	16	106	91	93	661
B*52:01	17	107	91	106	659
B*52:01	18	108	91	109	658
B*52:01	19	109	91	110	658
B*52:01	20	110	91	110	657
B*52:01	21	111	91	112	658
B*52:01	22	112	91	110	656
B*52:01	23	113	91	112	653
B*52:01	24	114	91	119	653
B*52:01	25	115	91	122	653
B*52:01	26	116	91	123	962
B*52:01	27	117	91	124	962
B*52:01	28	118	91	128	960
B*52:01	29	119	91	130	960
B*52:01	30	120	91	134	961
B*52:01	31	121	91	135	958
B*52:01	32	122	91	136	958
B*52:01	33	123	91	136	959
B*52:01	34	124	91	137	959
B*52:01	35	125	91	142	958
B*52:01	36	126	91	142	958
B*52:01	37	127	91	142	957
B*52:01	38	128	91	150	959
B*52:01	39	129	91	149	958
B*52:01	40	130	91	149	955
B*52:01	41	131	91	160	956
B*52:01	42	132	91	161	957
B*52:01	43	133	91	161	955
B*52:01	44	134	91	161	954
B*52:01	45	135	91	161	955
B*52:01	46	136	91	157	955
B*52:01	47	137	91	155	955
B*52:01	48	138	91	160	956
B*52:01	49	139	91	165	956
B*52:01	50	140	91	169	1406
B*52:01	51	141	91	171	1225
B*52:01	52	142	91	169	845
B*52:01	53	143	91	170	846
B*52:01	54	144	91	186	846
B*52:01	55	145	91	185	846
B*52:01	56	146	91	182	846
B*52:01	57	147	91	184	846
B*52:01	58	148	91	185	846
B*52:01	59	149	91	186	846
B*52:01	60	150	91	186	846
B*52:01	61	151	91	187	846
B*52:01	62	152	91	186	846
B*52:01	63	153	91	184	846
B*52:01	64	154	91	172	843
B*52:01	65	155	91	167	844
B*52:01	66	156	91	166	844
B*52:01	67	157	91	163	844
B*52:01	68	158	91	160	843
B*52:01	69	159	91	156	843
B*52:01	70	160	91	160	841
B*52:01	71	161	91	166	841
B*52:01	72	162	91	170	841
B*52:01	73	163	91	196	842
B*52:01	74	164	91	196	1628
B*52:01	75	165	91	199	1381
B*52:01	76	166	91	197	1379
B*52:01	77	167	91	197	1381
B*52:01	78	168	91	199	1382
B*52:01	79	169	91	201	1382
B*52:01	80	170	91	205	1383
B*52:01	81	171	91	207	1381
B*52:01	82	172	91	211	1377
B*52:01	83	173	91	205	1375
B*52:01	84	174	91	208	1377
B*52:01	85	175	91	147	1376
B*52:01	86	176	91	149	1377
B*52:01	87	177	91	152	1381
B*52:01	88	178	91	156	1381
B*52:01	89	179	91	145	1381
B*52:01	90	180	91	142	1381
B*52:01	91	181	91	95	1382
B*52:01	92	182	91	91	1383
B*52:01	93	183	91	92	1384
B*52:01	94	184	91	97	1384
B*52:01	95	185	91	100	1383
B*52:01	96	186	91	90	1382
B*52:01	97	187	91	91	1379
B*52:01	212	302	91	104	254
B*52:01	213	303	91	110	255
B*52:01	219	309	91	140	174
B*52:01	220	310	91	141	174
B*52:01	221	311	91	143	168
B*52:01	222	312	91	145	169
B*52:01	223	313	91	147	172
B*52:01	224	314	91	152	172
B*52:01	225	315	91	160	172
B*52:01	226	316	91	174	172
B*52:01	227	317	91	177	172
B*52:01	228	318	91	186	172
B*52:01	229	319	91	203	171
B*52:01	230	320	91	214	171
B*52:01	231	321	91	213	171
B*52:01	232	322	91	216	171
B*52:01	233	323	91	215	171
B*52:01	234	324	91	229	171
B*52:01	235	325	91	236	171
B*52:01	236	326	91	257	171
B*52:01	237	327	91	258	172
B*52:01	238	328	91	255	172
B*52:01	239	329	91	250	171
B*52:01	240	330	91	249	171
B*52:01	241	331	91	199	170
B*52:01	242	332	91	198	171
B*52:01	243	333	91	192	172
B*52:01	244	334	91	195	172
B*52:01	245	335	91	200	172
B*52:01	246	336	91	198	172
B*52:01	247	337	91	196	172
B*52:01	248	338	91	196	172
B*52:01	249	339	91	197	172
B*52:01	250	340	91	198	172
B*52:01	251	341	91	197	172
B*52:01	252	342	91	196	172
B*52:01	253	343	91	199	171
B*52:01	254	344	91	202	171
B*52:01	255	345	91	199	172
B*52:01	256	346	91	205	172
B*52:01	257	347	91	207	172
B*52:01	258	348	91	209	172
B*52:01	259	349	91	205	172
B*52:01	260	350	91	202	173
B*52:01	261	351	91	201	173
B*52:01	264	354	91	193	164
B*52:01	265	355	91	179	164
B*52:01	266	356	91	158	165
B*52:01	267	357	91	64	165
B*52:01	268	358	91	63	164
B*52:01	269	359	91	58	165
B*52:01	270	360	91	60	165
B*52:01	271	361	91	59	164
B*52:01	272	362	91	57	101
B*52:01	273	363	91	56	409
B*52:01	274	364	91	55	409
B*52:01	275	365	91	52	408
B*52:01	276	366	91	52	409
B*52:01	277	367	91	53	410
B*52:01	278	368	91	54	409
B*52:01	279	369	91	46	410
B*52:01	280	370	91	43	410
B*52:01	281	371	91	47	411
B*52:01	282	372	91	46	411
B*52:01	283	373	91	50	413
B*52:01	284	374	91	52	412
B*52:01	285	375	91	52	412
B*52:01	286	376	91	53	414
B*52:01	287	377	91	54	414
B*52:01	288	378	91	54	414
B*52:01	289	379	91	68	395
B*52:01	290	380	91	66	395
B*52:01	291	381	91	69	396
B*52:01	292	382	91	69	396
B*52:01	293	383	91	72	397
B*52:01	294	384	91	73	397
B*52:01	295	385	91	75	395
B*52:01	296	386	91	74	395
B*52:01	297	387	91	75	396
B*52:01	298	388	91	75	397
B*52:01	299	389	91	77	397
B*52:01	300	390	91	81	396
B*52:01	301	391	91	91	395
B*52:01	302	392	91	94	394
B*52:01	303	393	91	101	396
B*52:01	304	394	91	102	395
B*52:01	305	395	91	101	395
B*52:01	306	396	91	102	394
B*52:01	307	397	91	104	392
B*52:01	308	398	91	109	392
B*52:01	309	399	91	115	394
B*52:01	310	400	91	120	394
B*52:01	311	401	91	119	393
B*52:01	312	402	91	122	402
B*52:01	531	621	91	341	257
B*52:01	532	622	91	342	257
B*52:01	533	623	91	352	257
B*52:01	534	624	91	353	257
B*52:01	535	625	91	352	258
B*52:01	536	626	91	356	258
B*52:01	537	627	91	352	257
B*52:01	538	628	91	353	257
B*52:01	539	629	91	337	257
B*52:01	540	630	91	337	263
B*52:01	541	631	91	319	271
B*52:01	542	632	91	321	270
B*52:01	543	633	91	304	270
B*52:01	544	634	91	299	270
B*52:01	545	635	91	289	272
B*52:01	546	636	91	286	265
B*52:01	547	637	91	278	265
B*52:01	548	638	91	264	265
B*52:01	549	639	91	237	265
B*52:01	550	640	91	208	265
B*52:01	551	641	91	158	265
B*52:01	552	642	91	124	265
B*52:01	553	643	91	113	265
B*52:01	554	644	91	76	265
B*52:01	555	645	91	73	265
B*52:01	556	646	91	59	264
B*52:01	557	647	91	55	264
B*52:01	558	648	91	51	264
B*52:01	559	649	91	65	264
B*52:01	560	650	91	65	264
B*52:01	561	651	91	58	277
B*52:01	562	652	91	58	271
B*52:01	563	653	91	58	271
B*52:01	564	654	91	59	271
B*52:01	565	655	91	61	271
B*52:01	566	656	91	65	272
B*52:01	567	657	91	65	272
B*52:01	568	658	91	69	271
B*52:01	569	659	91	69	271
B*52:01	570	660	91	69	270
B*52:01	571	661	91	70	270
B*52:01	572	662	91	72	272
B*52:01	573	663	91	71	272
B*52:01	574	664	91	67	272
B*52:01	575	665	91	68	272
B*52:01	576	666	91	67	272
B*52:01	577	667	91	67	271
B*52:01	578	668	91	69	271
B*52:01	579	669	91	69	271
B*52:01	580	670	91	70	270
B*52:01	581	671	91	72	270
B*52:01	582	672	91	76	270
B*52:01	583	673	91	83	271
B*52:01	584	674	91	84	684
B*52:01	585	675	91	87	684
B*52:01	586	676	91	90	684
B*52:01	587	677	91	92	685
B*52:01	588	678	91	98	685
B*52:01	589	679	91	100	685
B*52:01	590	680	91	112	686
B*52:01	591	681	91	114	687
B*52:01	592	682	91	113	688
B*52:01	593	683	91	118	688
B*52:01	594	684	91	123	686
B*52:01	595	685	91	125	688
B*52:01	596	686	91	135	692
B*52:01	597	687	91	136	691
B*52:01	598	688	91	140	691
B*52:01	599	689	91	157	691
B*52:01	600	690	91	188	691
B*52:01	601	691	91	201	690
B*52:01	602	692	91	205	693
B*52:01	603	693	91	206	694
B*52:01	604	694	91	207	695
B*52:01	605	695	91	212	695
B*52:01	606	696	91	212	697
B*52:01	607	697	91	212	697
B*52:01	608	698	91	216	697
B*52:01	609	699	91	176	697
B*52:01	610	700	91	176	697
B*52:01	611	701	91	177	698
B*52:01	612	702	91	191	700
B*52:01	613	703	91	191	700
B*52:01	614	704	91	194	699
B*52:01	615	705	91	192	700
B*52:01	616	706	91	182	700
B*52:01	617	707	91	182	700
B*52:01	618	708	91	183	701
B*52:01	619	709	91	180	702
B*52:01	620	710	91	181	702
B*52:01	621	711	91	178	704
B*52:01	622	712	91	176	706
B*52:01	623	713	91	176	707
B*52:01	697	787	91	52	1948
B*52:01	698	788	91	54	1947
B*52:01	699	789	91	55	1947
B*52:01	700	790	91	56	1948
B*52:01	701	791	91	57	1949
B*52:01	702	792	91	55	1950
B*52:01	703	793	91	56	1950
B*52:01	704	794	91	59	1950
B*52:01	705	795	91	59	1989
B*52:01	706	796	91	59	1988
B*52:01	707	797	91	58	1987
B*52:01	708	798	91	61	1988
B*52:01	709	799	91	60	1987
B*52:01	710	800	91	63	1988
B*52:01	711	801	91	54	1988
B*52:01	712	802	91	53	1987
B*52:01	713	803	91	59	1990
B*52:01	714	804	91	60	1990
B*52:01	715	805	91	61	1960
B*52:01	716	806	91	65	1962
B*52:01	717	807	91	64	1962
B*52:01	718	808	91	67	1962
B*52:01	719	809	91	72	1961
B*52:01	720	810	91	73	1965
B*52:01	721	811	91	73	1963
B*52:01	722	812	91	80	1963
B*52:01	723	813	91	85	1963
B*52:01	724	814	91	89	1958
B*52:01	725	815	91	93	1959
B*52:01	726	816	91	95	1959
B*52:01	727	817	91	96	1957
B*52:01	728	818	91	96	1962
B*52:01	729	819	91	96	1967
B*52:01	730	820	91	96	1967
B*52:01	731	821	91	98	1967
B*52:01	732	822	91	98	1969
B*52:01	733	823	91	100	1968
B*52:01	734	824	91	100	1968
B*52:01	735	825	91	102	1968
B*52:01	736	826	91	106	1967
B*52:01	737	827	91	105	1970
B*52:01	738	828	91	105	1970
B*52:01	739	829	91	107	1970
B*52:01	740	830	91	96	1971
B*52:01	741	831	91	92	1972
B*52:01	742	832	91	92	1969
B*52:01	743	833	91	90	1969
B*52:01	744	834	91	86	1971
B*52:01	745	835	91	87	1971
B*52:01	746	836	91	76	1970
B*52:01	747	837	91	76	1974
B*52:01	748	838	91	74	1974
B*52:01	749	839	91	74	1974
B*52:01	750	840	91	74	1973
B*52:01	751	841	91	73	1974
B*52:01	752	842	91	72	1974
B*52:01	753	843	91	74	1972
B*52:01	754	844	91	60	1972
B*52:01	755	845	91	45	1975
B*52:01	756	846	91	40	1975
