locus	genes	selection	expected	unexpected	label	finding
chr2:189043211	COL5A2	primary	G	A	aligned_start_sensitive; biological mechanism unresolved	All208 qualifying unexpected-A alignment observations (116 name units) are within5 bases of an aligned query end;190 are at stored query position0, and all208 at aligned query start. Clean filtering removes all116 A names but retains183 G names. All8 selected unexpected sequences best match ordinary COL5A2 transcripts at the same position (7 perfect,1 with another mismatch). This is an end-dependent observation, not proof of a paralog or of the cause of the end bias.
chr3:10049469	FANCD2	MAPQ60_only	C	T	MAPQ60_only_filter_selection_effect; local_paralog_compatibility_not_origin_proof	Baseline DNA C713/T28 and RNA C72/T153 become DNA C230/T0 with RNA unchanged underMAPQ60. The2 selected DNA-T sequences (7 baseline names) each match161bp perfectly at FANCD2P2, with queried base at chr3:11871392 one-based, versus one mismatch to public FANCD2; changing the FANCD2 source-path allele toT also yields a perfect score. RNA-T representatives retain the T at FANCD2. The ordinary pseudogene match documents ambiguity, not proof that DNA-T reads originate from the pseudogene or that the locus is incompatible.
chr3:195568834	APOD	primary	G	C	local_indel_placement_ambiguity_in_representatives; unresolved origin	All37 qualifying C-bearing alignment observations (27 names) have a nearby4bp insertion at boundary chr3:195568840 zero-based, within a G-rich run. In first-best nominated ordinary local alignments, the queried C falls within an insertion for7/8 selected sequences and at a nearby different position for1/8. These alternatives can score below a source-CIGAR model containing the unexpected allele (example278 versus283); they demonstrate placement ambiguity, not correction of all27 names or proof of biological origin. Clean C24/G0 has reduced depth, not resolution.
chr3:195677778	SDHAP2;MUC20-OT1	MAPQ60_only	A	G	MAPQ60_only_filter_selection_effect; unresolved origin	Baseline DNA A1472/G725 and RNA A913/G357 become DNA A118/G0 with RNA unchanged underMAPQ60. Selected unexpected DNA/RNA sequences retain their G at the original SDHAP2/MUC20-OT1 position in the best nominated ordinary reference alignment; source-path G substitution improves the fit. The allele-selective removal of DNA evidence is demonstrated, but the gene of origin and cause of mapping-quality differences are unresolved.
chr5:443259	EXOC3	primary	C	A	repeat_and_local_gap_placement_ambiguity; capped_search; unresolved origin	The locus is in a GCG-rich repeat. All37 qualifying A-bearing alignment observations (22 names) have a21-base N operation at chr5:[443260,443281) zero-based. In8/8 selected sequences the queried A moves to the matching reference A at chr5:443280 one-based in first-best nominated ordinary local alignments (+21bases). Example ordinary score292 is below the source-CIGAR/unexpected-allele score310, so origin is not adjudicated. Several expected-C sequences are short/softclipped and have other repeat matches. Seed/window caps affect EXOC3 representatives; no uniqueness or exhaustive-best claim.
chr5:80654917	MSH3;DHFR	primary	C	G	local_repeat_gap_placement_ambiguity_in_representatives; unresolved origin	The position overlaps MSH3 and DHFR in opposite orientations. Among189 qualifying G-bearing alignment observations (104 names),147 have a27-base N at chr5:[80654887,80654914);42 have the nearby1446-base splice instead. All8 selected sequences place the queried G at matching reference chr5:80654908 one-based (−9bases) in their first-best nominated ordinary alignment, including MSH3 or reverse-complement DHFR models. Source-CIGAR/unexpected-allele models can score higher (example290 versus259), so these are alternative gap placements, not a validated preferred origin or changed genotype.
chr8:100705591	PABPC1	primary	A	G	partly_clean_filter_sensitive; same_position_mismatches_persist; unresolved	Unexpected G decreases from65 names to9 under clean filtering but is not eliminated. All8 selected unexpected sequences retain the queried mismatch at the same PABPC1 coordinate in their best nominated ordinary transcript alignment; expected representatives fit ordinary PABPC1. No cleaner different-locus origin was established in the nominated set. All65 G names also have C at the nearby604 site in the same qualifying alignment; these are shared support, not independent sample checks.
chr8:100705604	PABPC1	primary	G	C	partly_clean_filter_sensitive; same_position_mismatches_persist; unresolved	Unexpected C decreases from78 names to31 under clean filtering but is not eliminated. All8 selected unexpected sequences retain the queried mismatch at the same PABPC1 coordinate in their best nominated ordinary transcript alignment.65 of78 C names overlap the591 G call in one qualifying alignment;13 C names lack a jointly callable591. No unique origin, biological cause or correction is established.
chr9:65737280	FOXD4L4	MAPQ60_only	G	A	MAPQ60_only_filter_selection_effect; unresolved origin	Baseline DNA G818/A225 and RNA G70/A22 become DNA G260/A0 with RNA unchanged underMAPQ60. Selected unexpected DNA/RNA sequences retain A at the original FOXD4L4 position in the best nominated ordinary reference alignment; a source-path A model fits better. This new flag is generated by filtering away DNA alternate support, not by a change in RNA counts. No specific paralog origin is established.
