gene	selected_transcript	observed_junctions	observed_annotated_junctions_ge5_fragments	max_junction_fragment_names	initial_unannotated_review_candidates	reference_aware_passing_candidates	passing_candidates_seen_in_GTEx	passing_candidates_absent_from_queried_GTEx
AKT1	ENST00000649815.2	64	18	9606	6	5	4	1
AKT2	ENST00000392038.7	62	20	2861	5	5	5	0
AKT3	ENST00000673466.1	64	21	2957	8	6	5	1
ALK	ENST00000389048.8	56	28	163	6	6	6	0
APC	ENST00000257430.9	50	22	1446	7	7	7	0
ARID1A	ENST00000324856.13	93	21	1683	15	6	6	0
ARID1B	ENST00000636930.2	49	26	310	2	2	2	0
AXL	ENST00000301178.9	54	21	2658	4	4	4	0
B2M	ENST00000648006.3	6	3	2181	0	0	0	0
BAP1	ENST00000460680.6	56	19	2229	10	10	10	0
BRAF	ENST00000644969.2	37	22	519	0	0	0	0
CDKN2A	ENST00000304494.10	2	1	18	0	0	0	0
CDKN2B	ENST00000276925.7	0	0	0	0	0	0	0
EGFR	ENST00000275493.7	73	27	5744	4	4	4	0
ERBB2	ENST00000269571.10	62	32	1484	3	3	3	0
ERBB3	ENST00000267101.8	30	24	99	0	0	0	0
ERBB4	ENST00000342788.9	34	16	23	0	0	0	0
FGFR1	ENST00000447712.7	94	33	4140	5	3	3	0
FGFR2	ENST00000358487.10	36	23	396	2	2	2	0
FGFR3	ENST00000440486.8	34	20	562	3	3	3	0
HRAS	ENST00000311189.8	15	7	2104	0	0	0	0
JAK1	ENST00000342505.5	58	24	4074	5	5	5	0
JAK2	ENST00000381652.4	58	24	1500	4	4	4	0
KDM6A	ENST00000611820.5	61	36	901	3	3	3	0
KIT	ENST00000288135.6	24	17	60	1	1	1	0
KRAS	ENST00000311936.8	19	7	969	1	1	1	0
LATS1	ENST00000543571.6	7	4	16	0	0	0	0
LATS2	ENST00000382592.5	10	6	77	0	0	0	0
MAP2K1	ENST00000307102.10	30	10	1902	2	2	2	0
MAP2K2	ENST00000262948.10	50	12	2220	3	2	2	0
MET	ENST00000397752.8	31	23	289	1	1	1	0
MTAP	ENST00000644715.2	7	3	14	0	0	0	0
NF2	ENST00000338641.10	52	20	1889	2	2	2	0
NRAS	ENST00000369535.5	14	6	1147	1	1	1	0
NRG1	ENST00000405005.7	12	6	13	0	0	0	0
NTRK1	ENST00000524377.7	12	5	8	0	0	0	0
NTRK2	ENST00000277120.8	27	17	506	1	1	1	0
NTRK3	ENST00000394480.6	29	19	173	0	0	0	0
PBRM1	ENST00000409057.5	90	42	2743	9	9	9	0
PDGFRA	ENST00000257290.10	29	22	309	0	0	0	0
PDGFRB	ENST00000261799.9	91	25	3677	8	7	7	0
PIK3CA	ENST00000263967.4	30	21	530	0	0	0	0
PTEN	ENST00000371953.8	77	8	8251	10	8	8	0
RAF1	ENST00000442415.7	48	19	1740	2	1	1	0
RASA1	ENST00000274376.11	33	24	157	1	1	1	0
RB1	ENST00000267163.6	62	33	902	3	2	2	0
RET	ENST00000355710.8	22	14	66	0	0	0	0
ROS1	ENST00000368507.8	10	2	5	0	0	0	0
SETD2	ENST00000409792.4	90	25	1901	15	12	12	0
SMARCA2	ENST00000349721.8	44	35	244	0	0	0	0
SMARCA4	ENST00000344626.10	130	45	4703	10	8	8	0
SMARCB1	ENST00000644036.2	33	10	1923	4	4	4	0
STAG2	ENST00000371145.8	70	36	1047	0	0	0	0
SUFU	ENST00000369902.8	29	11	625	2	2	2	0
TP53	ENST00000269305.9	38	13	4710	1	0	0	0
TRAF7	ENST00000326181.11	29	21	250	0	0	0	0
VHL	ENST00000256474.3	17	4	463	0	0	0	0
