group	selected	DNA_observed_row	DNA_callable20	RNA_observed_row	RNA_callable20	joint_callable	joint_dominant
ALL	165782	62358	35885	78071	4072	4015	2873
chr2	38913	14343	7902	17642	878	862	618
chr3	32702	11475	6375	15236	653	647	462
chr5	28606	9848	5379	12688	735	723	534
chr8	22440	7497	4155	8969	454	450	285
chr9	22144	8224	4985	10049	545	541	421
chr17	20977	10971	7089	13487	807	792	553
scope:exon100	80398	47567	32383	51437	3852	3798	2737
scope:exon100+focal250kb	187	124	98	132	19	19	14
scope:exon100+focal250kb+grid10kb	14	12	9	11	3	3	2
scope:exon100+grid10kb	3514	2039	1390	2310	186	184	115
scope:focal250kb	2874	309	31	502	0	0	0
scope:focal250kb+grid10kb	139	18	2	38	0	0	0
scope:grid10kb	78656	12289	1972	23641	12	11	5
