chrom	pos1	ref	alt	original_DNA_category	original_RNA_ACGT_depth	original_RNA_ref	original_RNA_alt	original_RNA_other	new_A	new_C	new_G	new_T	new_conflict	new_nonACGT	new_ref	new_alt	new_other	new_ACGT_depth	new_callable20	new_zero_ACGT	fixed_exception_site	same_ref_alt_other_counts	DNA_dominant_allele	new_DNA_dominant_allele_fraction	new_retains90	new_retains98
chr2	189043211	A	G	alt_dominant	443	116	327	0	116	0	326	0	0	0	116	326	0	442	1	0	1	0	G	0.7375565610859729	0	0
chr3	10049469	C	T	residual	225	72	153	0	0	73	0	155	0	0	73	155	0	228	1	0	1	0				
chr3	195568834	G	C	ref_dominant	63	36	27	0	0	0	86	0	0	0	86	0	0	86	1	0	1	0	G	1.0	1	1
chr3	195677778	A	G	ref_alt_mixed	1270	913	357	0	889	0	326	0	0	0	889	326	0	1215	1	0	1	0				
chr5	443259	C	G	ref_dominant	97	74	1	22	23	35	1	0	2	0	35	1	23	59	1	0	1	0	C	0.5932203389830508	0	0
chr5	80654917	C	G	ref_dominant	113	9	104	0	0	9	65	0	0	0	9	65	0	74	1	0	1	0	C	0.12162162162162163	0	0
chr5	168468948	T	C	ref_dominant	24	21	3	0	0	0	0	21	0	0	21	0	0	21	1	0	1	0	T	1.0	1	1
chr5	177371091	C	G	ref_dominant	31	27	4	0	0	25	6	0	2	0	25	6	0	31	1	0	1	0	C	0.8064516129032258	0	0
chr8	100705591	A	G	ref_dominant	465	400	65	0	409	0	61	0	0	0	409	61	0	470	1	0	1	0	A	0.8702127659574468	0	0
chr8	100705604	G	C	ref_dominant	437	358	78	1	1	73	356	0	0	0	356	73	1	430	1	0	1	0	G	0.827906976744186	0	0
chr9	65737280	G	A	ref_alt_mixed	92	70	22	0	21	0	69	0	0	0	69	21	0	90	1	0	1	0				
chr9	95508042	A	T	ref_dominant	26	22	4	0	21	0	0	1	0	0	21	1	0	22	1	0	1	0	A	0.9545454545454546	1	0
chr9	136502531	A	G	ref_dominant	39	22	0	17	23	0	0	0	0	0	23	0	0	23	1	0	1	0	A	1.0	1	1
chr17	29114059	C	G	alt_dominant	26	3	23	0	0	3	23	0	0	0	3	23	0	26	1	0	1	1	G	0.8846153846153846	0	0
chr17	31236059	T	G	ref_dominant	22	17	5	0	0	0	0	23	1	0	23	0	0	23	1	0	1	0	T	1.0	1	1
chr17	77500378	T	C	ref_dominant	34	27	0	7	0	0	7	27	184	0	27	0	7	34	1	0	1	1	T	0.7941176470588235	0	0
