name	size_bytes	sha256	source_crc64nvme	source_crc_matches_local	drive_url	drive_size_matches_local	drive_sha256_roundtrip_verified	included_in_repository	repository_path
DNA_TN26-279853.vcf	531449	1e9c97cbd406ec0086c8778d9e8ccb05053a498067cfec7cf0b0455399164440	MGUB1Kaq7oA=	True	https://drive.google.com/file/d/1QVvlEjTzaczzjNimBhmE7uTqGvMhwAfk/view	True	True	True	data/small-inputs/DNA_TN26-279853.vcf
RNA_TN26-279853.geneTPM_nodup.csv	1409949	d79d9f534e22ed9ccbcbb734e243baba52dc38307a652b956767469fb67baa20	ScnEw/rRcKY=	True	https://drive.google.com/file/d/1U9eQqBLejoN6LF1Tj-Ex1wnOY2bCywJW/view	True	True	True	data/small-inputs/RNA_TN26-279853.geneTPM_nodup.csv
TN26-279853_20260925225733.xlsx	535890	cf0a8426d5f122ec7b0e354f5bc5bd57ca51f397163361cdc775edfe90c962e0	Luk65oNZOJU=	True	https://drive.google.com/file/d/1sdboCGhv2bcsAzsFKIGX9ZZSkMjDOf7h/view	True	True	True	data/small-inputs/TN26-279853_20260925225733.xlsx
DNA_TN26-279853_S25.R1.fastq.gz	8998695773	f58ec669637af7b47d3dc0fb5d8f30c5a4ddb19f3416f9fd22204e3158b7f93f	kdb3TFp7mSg=	True	https://drive.google.com/file/d/1RJpUtcSNEM8DY5ZTjJFKBbv2wj41oun4/view	True	False	False	
DNA_TN26-279853_S25.R2.fastq.gz	9264125961	fad8ea9b1cd7dd212aad04e06def52b426cf2dc16070bfdb3722033b0bf8bc78	KR1Ua/cnduI=	True	https://drive.google.com/file/d/1q-xGF3HsQGJg9IU_G9urgGXlDvYPbjTj/view	True	False	False	
DNA_TN26-279853.bam	9325653547	7bb970e30fc4420dbfb7c8b3fd3dd916dc379641ea9dde687bfc49d1ef46d7cb	+MUNcDUcmjM=	True	https://drive.google.com/file/d/1P3nMGpa6IUFOXUsV8xecOlmzWcy7Scyb/view	True	False	False	
RNA_TN26-279853_S25.R1.fastq.gz	1579972407	e931ccacc7e6ea4e58d3fb33dadb99553cbea54b51252c67c44e283cb27d3bc5	gKqM9ht/jtU=	True	https://drive.google.com/file/d/12VHNexrWHROHvMVYaJV19Go7gkhb7e07/view	True	False	False	
RNA_TN26-279853_S25.R2.fastq.gz	1612673312	b03ab626d8f57b71a89b7ba4a5c97fb5f0d0c91ea695492d0564c3644d849300	Zwy/IRIeUaI=	True	https://drive.google.com/file/d/1vZiFzWpPiwEGyaWGreg103AAJdq4YHEQ/view	True	False	False	
RNA_TN26-279853.bam	2835547302	bbbca59ff29763261af4e0303b097c06308fb23d9890de9969f1f3b1b4774701	dtdP9PvAPP4=	True	https://drive.google.com/file/d/1FHOlOh7rtzMJWQWfXAr-knJkqP6JU82Q/view	True	False	False	
