query_id	orientation	length	families	proposed_score	best_alternative_score	score_margin	proposed_crosses_join	proposed_aligned_fraction	alternative_aligned_fraction	alternative	alternative_mismatches	Q20_support_pair_member
Q01	-	77	F01	142.0	74.0	68.0	True	1.0	0.8701298701298701	ENST00000311127.9	4	True
Q02	+	133	F06	255.0	175.0	80.0	True	0.9849624060150376	0.9398496240601504	ENST00000311127.9	6	True
Q03	-	129	F03	252.0	179.0	73.0	True	1.0	0.8837209302325582	ENST00000311127.9	4	True
Q04	-	129	F04	246.0	179.0	67.0	True	1.0	0.8837209302325582	ENST00000311127.9	4	False
Q05	+	161	F02	310.0	240.0	70.0	True	1.0	0.8881987577639752	ENST00000311127.9	3	False
Q06	+	129	F04	240.0	173.0	67.0	True	1.0	0.8837209302325582	ENST00000311127.9	5	False
Q07	+	129	F03	252.0	179.0	73.0	True	1.0	0.8837209302325582	ENST00000311127.9	4	True
Q08	+	161	F05	302.0	231.0	71.0	True	0.9937888198757764	0.9503105590062112	ENST00000311127.9	6	False
Q09	-	133	F06	255.0	175.0	80.0	True	0.9849624060150376	0.9398496240601504	ENST00000311127.9	6	True
Q10	-	128	F07,F08	250.0	177.0	73.0	True	1.0	0.8671875	ENST00000311127.9	3	True
Q11	+	128	F07	244.0	171.0	73.0	True	1.0	0.8671875	ENST00000311127.9	4	True
Q12	+	128	F08	250.0	177.0	73.0	True	1.0	0.8671875	ENST00000311127.9	3	True
Q13	+	77	F01	142.0	74.0	68.0	True	1.0	0.8701298701298701	ENST00000311127.9	4	True
Q14	-	90	F09	180.0	111.0	69.0	True	1.0	0.9333333333333333	ENST00000311127.9	5	True
Q15	+	90	F09	180.0	111.0	69.0	True	1.0	0.9333333333333333	ENST00000311127.9	5	True
Q16	+	118	F10	236.0	167.0	69.0	True	1.0	0.9491525423728814	ENST00000311127.9	5	True
Q17	-	150	F02,F05	300.0	300.0	0.0	False	1.0	1.0	ENST00000311127.9	0	False
Q18	-	118	F10	236.0	167.0	69.0	True	1.0	0.9491525423728814	ENST00000311127.9	5	True
