gene	chrom	intron_start0	intron_end0	reference_annotation_transcripts	query_name_fragments	distinct_fragment_alignment_patterns	alternate_linked_pairs	alternate_and_junction_same_read
BAP1	chr3	52401232	52401502		3	1	0	0
BAP1	chr3	52401773	52401853		3	1	0	0
BAP1	chr3	52402421	52402601	ENST00000296288.9,ENST00000460680.6,ENST00000466093.1,ENST00000469613.5,ENST00000478368.1	434	253	0	0
BAP1	chr3	52402674	52402778	ENST00000296288.9,ENST00000460680.6,ENST00000466093.1,ENST00000469613.5,ENST00000478368.1	884	468	0	0
BAP1	chr3	52402692	52402778		8	6	0	0
BAP1	chr3	52402701	52402778		10	6	0	0
BAP1	chr3	52402868	52403137		5	3	0	0
BAP1	chr3	52402871	52403137	ENST00000296288.9,ENST00000460680.6	1858	886	0	0
BAP1	chr3	52402871	52403182		32	23	0	0
BAP1	chr3	52402871	52404452		1	1	0	0
BAP1	chr3	52402940	52403137	ENST00000478368.1	25	14	0	0
BAP1	chr3	52403298	52403415	ENST00000296288.9,ENST00000460680.6,ENST00000466093.1,ENST00000478368.1	1000	493	0	0
BAP1	chr3	52403298	52404452		7	6	0	0
BAP1	chr3	52403466	52404452		1	1	0	0
BAP1	chr3	52403471	52404452		6	4	0	0
BAP1	chr3	52403557	52404452		5	3	0	0
BAP1	chr3	52403746	52404452		1	1	0	0
BAP1	chr3	52403894	52404452	ENST00000296288.9,ENST00000460680.6,ENST00000469613.5,ENST00000490804.1	695	409	0	0
BAP1	chr3	52404577	52405137		1	1	0	0
BAP1	chr3	52404583	52405108		4	2	0	0
BAP1	chr3	52404583	52405109		8	5	0	0
BAP1	chr3	52404586	52405109	ENST00000296288.9,ENST00000460680.6,ENST00000490804.1	2164	1084	0	0
BAP1	chr3	52404586	52405764		32	19	0	0
BAP1	chr3	52404586	52406252		6	4	0	0
BAP1	chr3	52404586	52406288		2	1	0	0
BAP1	chr3	52404586	52407173		5	1	0	0
BAP1	chr3	52404586	52407957		1	1	0	0
BAP1	chr3	52404713	52405036		2	1	0	0
BAP1	chr3	52405160	52405764		1	1	0	0
BAP1	chr3	52405294	52405764	ENST00000296288.9,ENST00000460680.6	502	297	0	0
BAP1	chr3	52405294	52406252		3	2	0	0
BAP1	chr3	52405912	52406252	ENST00000296288.9,ENST00000460680.6,ENST00000471532.5	356	209	0	0
BAP1	chr3	52406322	52406755		2	1	0	0
BAP1	chr3	52406322	52406828	ENST00000296288.9	22	11	0	0
BAP1	chr3	52406338	52406828		4	2	0	0
BAP1	chr3	52406376	52406755		2	2	0	0
BAP1	chr3	52406376	52406828	ENST00000460680.6	583	292	0	0
BAP1	chr3	52406376	52407173		1	1	0	0
BAP1	chr3	52406458	52406828		5	2	0	0
BAP1	chr3	52406575	52406828		3	1	0	0
BAP1	chr3	52406866	52407429		1	1	0	0
BAP1	chr3	52406872	52407398		1	1	0	0
BAP1	chr3	52406907	52407173	ENST00000296288.9,ENST00000460680.6,ENST00000471532.5	1122	570	0	0
BAP1	chr3	52406907	52407398	ENST00000483984.5	14	11	0	0
BAP1	chr3	52406907	52407957		1	1	0	0
BAP1	chr3	52407316	52407398	ENST00000296288.9,ENST00000460680.6,ENST00000470173.1,ENST00000471532.5,ENST00000490917.1	270	159	1	0
BAP1	chr3	52407460	52407957	ENST00000296288.9,ENST00000460680.6,ENST00000470173.1,ENST00000471532.5,ENST00000483984.5,ENST00000490917.1	292	178	11	0
BAP1	chr3	52407851	52408584		1	1	0	0
BAP1	chr3	52408077	52408473	ENST00000296288.9,ENST00000460680.6,ENST00000470173.1,ENST00000483984.5	214	137	40	28
BAP1	chr3	52408077	52409553	ENST00000490917.1	2	2	0	0
BAP1	chr3	52408604	52409553		1	1	0	0
BAP1	chr3	52408606	52409553	ENST00000296288.9,ENST00000460680.6,ENST00000470173.1,ENST00000483984.5	459	259	135	133
BAP1	chr3	52409608	52409713	ENST00000296288.9,ENST00000460680.6,ENST00000470173.1,ENST00000483984.5,ENST00000490917.1	946	474	24	9
BAP1	chr3	52409743	52409841	ENST00000296288.9,ENST00000460680.6,ENST00000483984.5,ENST00000490917.1	1070	549	22	5
BAP1	chr3	52409891	52409962		1	1	0	0
RASA1	chr5	87268990	87331347	ENST00000274376.11,ENST00000515800.6	85	56	0	0
RASA1	chr5	87282458	87331347		2	1	0	0
RASA1	chr5	87331500	87332506	ENST00000274376.11,ENST00000456692.6,ENST00000506290.1,ENST00000512763.5,ENST00000515800.6	92	69	16	14
RASA1	chr5	87332642	87333266	ENST00000274376.11,ENST00000456692.6,ENST00000506290.1,ENST00000512763.5,ENST00000515800.6	148	97	35	34
RASA1	chr5	87333337	87337973	ENST00000274376.11,ENST00000456692.6,ENST00000506290.1,ENST00000512763.5,ENST00000515800.6	31	18	0	0
RASA1	chr5	87338091	87341289	ENST00000274376.11,ENST00000456692.6,ENST00000506290.1,ENST00000509953.1,ENST00000512763.5,ENST00000515800.6	37	18	0	0
RASA1	chr5	87341321	87346671	ENST00000274376.11,ENST00000456692.6,ENST00000506290.1,ENST00000509953.1,ENST00000512763.5,ENST00000515800.6	70	43	0	0
RASA1	chr5	87346724	87349199		5	3	0	0
RASA1	chr5	87346724	87349213	ENST00000274376.11,ENST00000456692.6,ENST00000506290.1,ENST00000509953.1,ENST00000512763.5,ENST00000515800.6	102	68	0	0
RASA1	chr5	87349364	87353156	ENST00000274376.11,ENST00000456692.6,ENST00000506290.1,ENST00000509953.1,ENST00000512763.5,ENST00000515800.6	31	25	0	0
RASA1	chr5	87353235	87353415		1	1	0	0
RASA1	chr5	87353235	87362550	ENST00000274376.11,ENST00000456692.6,ENST00000506290.1,ENST00000509953.1,ENST00000512763.5,ENST00000515800.6	87	63	0	0
RASA1	chr5	87362671	87363347	ENST00000274376.11,ENST00000456692.6,ENST00000506290.1,ENST00000509953.1,ENST00000512763.5,ENST00000515800.6	9	6	0	0
RASA1	chr5	87362671	87369812		1	1	0	0
RASA1	chr5	87363504	87369812	ENST00000274376.11,ENST00000456692.6,ENST00000506290.1,ENST00000509953.1,ENST00000512763.5	12	10	0	0
RASA1	chr5	87366021	87369812		1	1	0	0
RASA1	chr5	87369900	87372117	ENST00000274376.11,ENST00000456692.6,ENST00000506290.1,ENST00000512763.5,ENST00000515800.6	62	44	0	0
RASA1	chr5	87372195	87374162	ENST00000274376.11,ENST00000456692.6,ENST00000506290.1,ENST00000512763.5,ENST00000515800.6	31	25	0	0
RASA1	chr5	87374320	87374839	ENST00000274376.11,ENST00000456692.6,ENST00000506290.1,ENST00000512763.5,ENST00000515800.6	29	20	0	0
RASA1	chr5	87374916	87376392	ENST00000274376.11,ENST00000456692.6,ENST00000506290.1,ENST00000512763.5,ENST00000515800.6	53	41	0	0
RASA1	chr5	87376565	87376880	ENST00000274376.11,ENST00000456692.6,ENST00000506290.1,ENST00000512763.5,ENST00000515800.6	15	10	0	0
RASA1	chr5	87377040	87378395	ENST00000274376.11,ENST00000456692.6,ENST00000506290.1,ENST00000512763.5,ENST00000515800.6	41	32	0	0
RASA1	chr5	87378538	87379734	ENST00000274376.11,ENST00000456692.6,ENST00000506290.1,ENST00000512763.5,ENST00000515800.6	40	29	0	0
RASA1	chr5	87379850	87380508	ENST00000274376.11,ENST00000456692.6,ENST00000506290.1,ENST00000512763.5,ENST00000515800.6	22	18	0	0
RASA1	chr5	87380595	87383712	ENST00000274376.11,ENST00000456692.6,ENST00000506290.1,ENST00000512763.5,ENST00000515800.6	11	10	0	0
RASA1	chr5	87380595	87385300		1	1	0	0
RASA1	chr5	87382046	87383712		1	1	0	0
RASA1	chr5	87383780	87385300	ENST00000274376.11,ENST00000456692.6,ENST00000506290.1,ENST00000512763.5,ENST00000515800.6	17	15	0	0
RASA1	chr5	87385389	87386825	ENST00000274376.11,ENST00000456692.6,ENST00000506290.1,ENST00000512763.5,ENST00000515800.6	50	41	0	0
RASA1	chr5	87386903	87389392	ENST00000274376.11,ENST00000456692.6,ENST00000506290.1,ENST00000512763.5	80	60	0	0
RASA1	chr5	87389527	87390799	ENST00000274376.11,ENST00000456692.6,ENST00000506290.1,ENST00000512763.5,ENST00000515800.6	13	10	0	0
LATS1	chr6	149662238	149676259	ENST00000253339.9,ENST00000441107.5,ENST00000543571.6	7	7	0	0
LATS1	chr6	149676366	149676554	ENST00000253339.9,ENST00000441107.5,ENST00000542747.5,ENST00000543571.6	10	9	0	0
LATS1	chr6	149676737	149679874	ENST00000253339.9,ENST00000441107.5,ENST00000542747.5,ENST00000543571.6	7	5	0	0
LATS1	chr6	149680457	149683078	ENST00000253339.9,ENST00000441107.5,ENST00000542747.5,ENST00000543571.6	1	1	0	0
LATS1	chr6	149684592	149695073	ENST00000253339.9,ENST00000392273.7,ENST00000441107.5,ENST00000458696.2,ENST00000542720.1,ENST00000542747.5,ENST00000543571.6	16	16	2	2
LATS1	chr6	149695221	149701778	ENST00000253339.9,ENST00000392273.7,ENST00000542747.5,ENST00000543571.6	4	4	2	2
LATS2	chr13	20975364	20979690	ENST00000382592.5	28	19	0	0
LATS2	chr13	20975364	20981465		1	1	0	0
LATS2	chr13	20979797	20981465	ENST00000382592.5	9	6	0	0
LATS2	chr13	20981648	20983223	ENST00000382592.5	25	15	0	0
LATS2	chr13	20983806	20987880	ENST00000382592.5	24	21	0	0
LATS2	chr13	20989280	20991271		1	1	0	0
LATS2	chr13	20989304	20991271	ENST00000382592.5,ENST00000472754.1	76	59	0	0
LATS2	chr13	20991404	21023062	ENST00000472754.1	2	2	0	0
LATS2	chr13	20991404	21045684	ENST00000382592.5	23	17	0	0
LATS2	chr13	21046230	21061345	ENST00000382592.5	1	1	0	0
