chrom	pos1	id	ref	alt	overlap_gene_symbols	gene_overlap_category	unique_gene_id	DNA_category	review_class	unexpected_base	baseline_RNA_same_DNA_dominant_fraction	both_baseline_depths_ge50	baseline_DNA_ACGT	baseline_DNA_ACGT_depth	baseline_DNA_conflicting_names	baseline_RNA_ACGT	baseline_RNA_ACGT_depth	baseline_RNA_conflicting_names	clean_no_softclip_edge5_DNA_ACGT	clean_no_softclip_edge5_DNA_ACGT_depth	clean_no_softclip_edge5_DNA_conflicting_names	clean_no_softclip_edge5_RNA_ACGT	clean_no_softclip_edge5_RNA_ACGT_depth	clean_no_softclip_edge5_RNA_conflicting_names	MAPQ60_DNA_ACGT	MAPQ60_DNA_ACGT_depth	MAPQ60_DNA_conflicting_names	MAPQ60_RNA_ACGT	MAPQ60_RNA_ACGT_depth	MAPQ60_RNA_conflicting_names	NH_unique_if_tagged_DNA_ACGT	NH_unique_if_tagged_DNA_ACGT_depth	NH_unique_if_tagged_DNA_conflicting_names	NH_unique_if_tagged_RNA_ACGT	NH_unique_if_tagged_RNA_ACGT_depth	NH_unique_if_tagged_RNA_conflicting_names
chr2	189043211	.	A	G	COL5A2	unique_gene	ENSG00000204262.14	alt_dominant	strong_baseline_screen		0.7381489841986456	1	0,0,58,0	58	0	116,0,327,0	443	0	0,0,55,0	55	0	0,0,183,0	183	0	0,0,58,0	58	0	116,0,327,0	443	0	0,0,58,0	58	0	116,0,327,0	443	0
chr3	195568834	.	G	C	APOD	unique_gene	ENSG00000189058.9	ref_dominant	strong_baseline_screen		0.5714285714285714	1	0,0,87,0	87	1	0,27,36,0	63	2	0,0,47,0	47	1	0,24,0,0	24	0	0,0,87,0	87	1	0,27,36,0	63	2	0,0,87,0	87	1	0,27,36,0	63	2
chr5	443259	.	C	G	EXOC3	unique_gene	ENSG00000180104.16	ref_dominant	strong_baseline_screen		0.7628865979381443	1	0,153,0,0	153	0	22,74,1,0	97	1	0,132,0,0	132	0	21,11,1,0	33	0	0,146,0,0	146	0	22,74,1,0	97	1	0,153,0,0	153	0	22,74,1,0	97	1
chr5	80654917	.	C	G	MSH3;DHFR	multi_gene	.	ref_dominant	strong_baseline_screen		0.07964601769911504	1	0,912,0,0	912	0	0,9,104,0	113	0	0,815,0,0	815	0	0,7,53,0	60	0	0,912,0,0	912	0	0,9,104,0	113	0	0,912,0,0	912	0	0,9,104,0	113	0
chr5	168468948	.	T	C	WWC1	unique_gene	ENSG00000113645.15	ref_dominant	lower_RNA_depth_exception		0.875	0	0,0,0,130	130	0	0,3,0,21	24	0	0,0,0,124	124	0	0,0,0,14	14	0	0,0,0,130	130	0	0,3,0,21	24	0	0,0,0,130	130	0	0,3,0,21	24	0
chr5	177371091	.	C	G	RGS14	unique_gene	ENSG00000169220.18	ref_dominant	lower_RNA_depth_exception		0.8709677419354839	0	0,188,1,0	189	0	0,27,4,0	31	6	0,123,1,0	124	0	0,24,0,0	24	0	0,183,1,0	184	0	0,27,4,0	31	6	0,188,1,0	189	0	0,27,4,0	31	6
chr8	100705591	.	A	G	PABPC1	unique_gene	ENSG00000070756.17	ref_dominant	strong_baseline_screen		0.8602150537634409	1	94,0,0,0	94	0	400,0,65,0	465	0	88,0,0,0	88	0	278,0,9,0	287	0	94,0,0,0	94	0	400,0,65,0	465	0	94,0,0,0	94	0	400,0,65,0	465	0
chr8	100705604	.	G	C	PABPC1	unique_gene	ENSG00000070756.17	ref_dominant	strong_baseline_screen		0.8192219679633868	1	0,0,101,0	101	0	1,78,358,0	437	0	0,0,96,0	96	0	0,31,218,0	249	0	0,0,101,0	101	0	1,78,358,0	437	0	0,0,101,0	101	0	1,78,358,0	437	0
chr9	95508042	.	A	T	PTCH1	unique_gene	ENSG00000185920.16	ref_dominant	lower_RNA_depth_exception		0.8461538461538461	0	343,0,0,2	345	0	22,0,0,4	26	0	309,0,0,0	309	0	13,0,0,0	13	0	343,0,0,2	345	0	22,0,0,4	26	0	343,0,0,2	345	0	22,0,0,4	26	0
chr9	136502531	.	A	G	NOTCH1	unique_gene	ENSG00000148400.13	ref_dominant	lower_RNA_depth_exception		0.5641025641025641	0	1259,0,0,0	1259	0	22,0,0,17	39	0	1181,0,0,0	1181	0	14,0,0,0	14	0	1259,0,0,0	1259	0	22,0,0,17	39	0	1259,0,0,0	1259	0	22,0,0,17	39	0
chr17	29114059	.	C	G	MYO18A	unique_gene	ENSG00000196535.17	alt_dominant	lower_RNA_depth_exception		0.8846153846153846	0	0,0,165,0	165	0	0,3,23,0	26	0	0,0,159,0	159	0	0,0,15,0	15	0	0,0,165,0	165	0	0,3,23,0	26	0	0,0,165,0	165	0	0,3,23,0	26	0
chr17	31236059	.	T	G	NF1	unique_gene	ENSG00000196712.18	ref_dominant	lower_RNA_depth_exception		0.7727272727272727	0	0,0,0,560	560	0	0,0,5,17	22	0	0,0,0,505	505	0	0,0,5,9	14	0	0,0,0,559	559	0	0,0,5,17	22	0	0,0,0,560	560	0	0,0,5,17	22	0
chr17	77500378	.	T	C	SEPTIN9	unique_gene	ENSG00000184640.20	ref_dominant	lower_RNA_depth_exception		0.7941176470588235	0	0,0,0,313	313	0	0,0,7,27	34	185	0,0,0,292	292	0	0,0,0,179	179	2	0,0,0,313	313	0	0,0,7,27	34	185	0,0,0,313	313	0	0,0,7,27	34	185
chr3	10049469	.	C	T	FANCD2	unique_gene	ENSG00000144554.12	residual	MAPQ60_only_not_baseline_flag	T		1	0,713,0,28	741	0	0,72,0,153	225	0	0,665,0,22	687	0	0,58,0,131	189	0	0,230,0,0	230	0	0,72,0,153	225	0	0,713,0,28	741	0	0,72,0,153	225	0
chr3	195677778	.	A	G	SDHAP2;MUC20-OT1	multi_gene	.	ref_alt_mixed	MAPQ60_only_not_baseline_flag	G		1	1472,0,725,0	2197	0	913,0,357,0	1270	0	1411,0,722,0	2133	0	718,0,244,0	962	0	118,0,0,0	118	0	913,0,357,0	1270	0	1472,0,725,0	2197	0	913,0,357,0	1270	0
chr9	65737280	.	G	A	FOXD4L4	unique_gene	ENSG00000184659.5	ref_alt_mixed	MAPQ60_only_not_baseline_flag	A		1	225,0,818,0	1043	0	22,0,70,0	92	0	216,0,740,0	956	0	19,0,68,0	87	0	0,0,260,0	260	0	22,0,70,0	92	0	225,0,818,0	1043	0	22,0,70,0	92	0
