ARRIBA_DIAG_RECORD_EXAMPLE	supplementary_wrong_clipped_end	A01687:587:H2KM3DSXG:1:1140:14036:4351,1	contig=19,start=3407402,flag=2209,cigar=145H16M
ARRIBA_DIAG_RECORD_EXAMPLE	supplementary_wrong_clipped_end	A01687:587:H2KM3DSXG:1:1140:14036:4351,2	contig=22,start=139785251,flag=2465,cigar=147H14M
ARRIBA_DIAG_RECORD_EXAMPLE	supplementary_wrong_clipped_end	A01687:587:H2KM3DSXG:1:1140:12527:4398,3	contig=7,start=56252922,flag=2113,cigar=117H33M
ARRIBA_DIAG_RECORD_EXAMPLE	supplementary_wrong_clipped_end	A01687:587:H2KM3DSXG:1:1140:19524:9283,1	contig=6,start=44760537,flag=2129,cigar=17M144H
ARRIBA_DIAG_RECORD_EXAMPLE	supplementary_wrong_clipped_end	A01687:587:H2KM3DSXG:1:1140:14922:20384,1	contig=13,start=94862460,flag=2129,cigar=30M120H
ARRIBA_DIAG_RECORD_EXAMPLE	supplementary_wrong_clipped_end	A01687:587:H2KM3DSXG:1:1140:12310:21465,1	contig=10,start=73392218,flag=2225,cigar=14M136H
ARRIBA_DIAG_RECORD_EXAMPLE	supplementary_wrong_clipped_end	A01687:587:H2KM3DSXG:1:1140:4173:22811,1	contig=3,start=171851084,flag=2209,cigar=145H16M
ARRIBA_DIAG_RECORD_EXAMPLE	supplementary_wrong_clipped_end	A01687:587:H2KM3DSXG:1:1140:25283:32534,1	contig=7,start=48044024,flag=2145,cigar=128H24M
ARRIBA_DIAG_GROUP_EXAMPLE	paired_group_count	A01687:587:H2KM3DSXG:1:1101:13395:8688,1	1	contig=11,start=60333541,end=60333551,strand=0,first=0,supp=1,seq=0,cigar=17S11M133H
ARRIBA_DIAG_GROUP_EXAMPLE	paired_group_count	A01687:587:H2KM3DSXG:1:1101:13395:8688,2	1	contig=18,start=16930800,end=16930810,strand=1,first=0,supp=1,seq=0,cigar=133H11M17S
ARRIBA_DIAG_GROUP_EXAMPLE	paired_split_overlap_unresolved	A01687:587:H2KM3DSXG:1:1101:13440:7921,1	3	contig=2,start=138737634,end=138737753,strand=1,first=0,supp=0,seq=123,cigar=2S120M1S	contig=2,start=138737634,end=138737753,strand=0,first=1,supp=0,seq=152,cigar=31S120M1S	contig=15,start=26400150,end=26400171,strand=1,first=1,supp=1,seq=0,cigar=121H22M9S
ARRIBA_DIAG_GROUP_EXAMPLE	paired_group_count	A01687:587:H2KM3DSXG:1:1101:15998:31610,1	1	contig=15,start=20925079,end=20925093,strand=1,first=1,supp=1,seq=0,cigar=121H15M16S
ARRIBA_DIAG_GROUP_EXAMPLE	paired_split_overlap_unresolved	A01687:587:H2KM3DSXG:1:1101:24460:24345,1	3	contig=16,start=7890576,end=7890695,strand=1,first=0,supp=0,seq=125,cigar=4S120M1S	contig=16,start=7890576,end=7890695,strand=0,first=1,supp=0,seq=150,cigar=29S120M1S	contig=22,start=10117808,end=10117834,strand=1,first=1,supp=1,seq=0,cigar=121H27M2S
ARRIBA_DIAG_GROUP_EXAMPLE	paired_group_count	A01687:587:H2KM3DSXG:1:1101:2582:6026,1	1	contig=14,start=80973915,end=80973930,strand=1,first=1,supp=1,seq=0,cigar=119H16M26S
ARRIBA_DIAG_GROUP_EXAMPLE	paired_group_count	A01687:587:H2KM3DSXG:1:1102:12816:33458,1	1	contig=7,start=6743296,end=6743314,strand=1,first=0,supp=1,seq=0,cigar=141H19M1S
ARRIBA_DIAG_GROUP_EXAMPLE	paired_group_count	A01687:587:H2KM3DSXG:1:1102:14461:30044,1	1	contig=0,start=247497127,end=247497148,strand=1,first=0,supp=1,seq=0,cigar=137H22M2S
ARRIBA_DIAG_GROUP_EXAMPLE	paired_group_count	A01687:587:H2KM3DSXG:1:1102:17074:30436,1	1	contig=0,start=247497127,end=247497148,strand=1,first=0,supp=1,seq=0,cigar=137H22M2S
ARRIBA_DIAG_GROUP_EXAMPLE	paired_group_count	A01687:587:H2KM3DSXG:1:1102:19840:26616,1	1	contig=2,start=181027449,end=181027461,strand=0,first=0,supp=1,seq=0,cigar=18S13M127H
ARRIBA_DIAG_GROUP_EXAMPLE	paired_split_overlap_unresolved	A01687:587:H2KM3DSXG:1:1106:11397:10081,1	3	contig=10,start=314158,end=314270,strand=1,first=0,supp=0,seq=115,cigar=1S113M1S	contig=10,start=314158,end=314270,strand=0,first=1,supp=0,seq=150,cigar=36S113M1S	contig=22,start=10117811,end=10117834,strand=1,first=1,supp=1,seq=0,cigar=114H24M12S
ARRIBA_DIAG_GROUP_EXAMPLE	paired_split_overlap_unresolved	A01687:587:H2KM3DSXG:1:1106:23592:17769,2	3	contig=0,start=156880048,end=156880158,strand=0,first=0,supp=0,seq=130,cigar=18S111M1S	contig=0,start=156880048,end=156880158,strand=1,first=1,supp=0,seq=150,cigar=18S111M21S	contig=20,start=45128243,end=45128260,strand=1,first=1,supp=1,seq=0,cigar=129H18M3S
ARRIBA_DIAG_GROUP_EXAMPLE	paired_split_overlap_unresolved	A01687:587:H2KM3DSXG:1:1106:24532:22654,2	3	contig=0,start=156880048,end=156880158,strand=0,first=0,supp=0,seq=130,cigar=18S111M1S	contig=0,start=156880048,end=156880158,strand=1,first=1,supp=0,seq=150,cigar=18S111M21S	contig=20,start=45128243,end=45128260,strand=1,first=1,supp=1,seq=0,cigar=129H18M3S
ARRIBA_DIAG_GROUP_EXAMPLE	paired_split_overlap_unresolved	A01687:587:H2KM3DSXG:1:1106:9525:36652,1	3	contig=16,start=32360603,end=32360727,strand=1,first=0,supp=0,seq=126,cigar=125M1S	contig=16,start=32360603,end=32360727,strand=0,first=1,supp=0,seq=152,cigar=26S125M1S	contig=1,start=40160141,end=40160161,strand=1,first=1,supp=1,seq=0,cigar=126H21M5S
ARRIBA_DIAG_GROUP_EXAMPLE	paired_split_overlap_unresolved	A01687:587:H2KM3DSXG:1:1107:5466:9361,1	3	contig=9,start=5785905,end=5786010,strand=0,first=0,supp=0,seq=108,cigar=2S106M	contig=9,start=5785905,end=5786015,strand=1,first=1,supp=0,seq=150,cigar=2S111M37S	contig=1,start=118089587,end=118089604,strand=0,first=1,supp=1,seq=0,cigar=19S18M113H
ARRIBA_DIAG_GROUP_EXAMPLE	paired_split_overlap_unresolved	A01687:587:H2KM3DSXG:1:1111:27091:20415,1	3	contig=14,start=44715626,end=44716355,strand=1,first=0,supp=0,seq=113,cigar=75M627N28M10S	contig=14,start=44715624,end=44716355,strand=0,first=1,supp=0,seq=147,cigar=32S77M627N28M10S	contig=5,start=160699174,end=160699196,strand=1,first=1,supp=1,seq=0,cigar=115H23M9S
ARRIBA_DIAG_SUBSAMPLING_EXAMPLE	split_support_cap	FP671120.4|FP236383.3|20:8214649|20:8258877|0|1
ARRIBA_DIAG_SUBSAMPLING_EXAMPLE	split_support_cap	|FP236383.3|20:8258872|20:8441912|0|1
ARRIBA_DIAG_SUBSAMPLING_EXAMPLE	split_support_cap	FP671120.4||20:8214649|20:8258877|0|1
ARRIBA_DIAG_SUBSAMPLING_EXAMPLE	split_support_cap	FP671120.4|FP236383.3|20:8214649|20:8441912|0|1
ARRIBA_DIAG_SUBSAMPLING_EXAMPLE	split_support_cap	FP671120.4|FP236383.3|20:8214736|20:8258957|0|1
ARRIBA_DIAG_SUBSAMPLING_EXAMPLE	split_support_cap	|FP236383.3|20:8258965|20:8397768|0|1
ARRIBA_DIAG_SUBSAMPLING_EXAMPLE	split_support_cap	|FP236383.3|20:8258959|20:8441992|0|1
ARRIBA_DIAG_SUBSAMPLING_EXAMPLE	split_support_cap	FP671120.4||20:8214736|20:8258957|0|1
ARRIBA_DIAG_SUBSAMPLING_EXAMPLE	split_support_cap	FP671120.4|FP236383.3|20:8214736|20:8441992|0|1
ARRIBA_DIAG_SUBSAMPLING_EXAMPLE	split_support_cap	RPL14P1|RPL14P1|11:62965792|11:62965800|1|0
ARRIBA_DIAG_SUBSAMPLING_EXAMPLE	split_support_cap	RPL14|RPL14P1|2:40462052|11:62965800|1|0
ARRIBA_DIAG_SUBSAMPLING_EXAMPLE	split_support_cap	FP671120.4|FP236383.3|20:8214649|20:8258881|0|1
ARRIBA_DIAG_SUBSAMPLING_EXAMPLE	split_support_cap	FP671120.4|FP236383.3|20:8214742|20:8397768|0|1
ARRIBA_DIAG_SUBSAMPLING_EXAMPLE	split_support_cap	|FP236383.3|20:8258977|20:8397786|0|1
ARRIBA_DIAG_SUBSAMPLING_EXAMPLE	split_support_cap	FP236383.3|FP236383.3|20:8444634|20:8444648|1|0
ARRIBA_DIAG_SUBSAMPLING_EXAMPLE	split_support_cap	|FP236383.3|20:8258977|20:8442016|0|1
ARRIBA_DIAG_SUBSAMPLING_EXAMPLE	split_support_cap	FP236383.3||20:8400414|36:116846|0|1
ARRIBA_DIAG_SUBSAMPLING_EXAMPLE	split_support_cap	||36:116846|36:160823|1|0
ARRIBA_DIAG_SUBSAMPLING_EXAMPLE	split_support_cap	||36:116846|36:116851|1|0
ARRIBA_DIAG_SUBSAMPLING_EXAMPLE	split_support_cap	FP671120.4|FP671120.4|20:8214763|20:8214771|1|0
ARRIBA_DIAG_SUBSAMPLING_EXAMPLE	split_support_cap	IFITM2|AC136475.9|10:308437|10:314921|0|1
ARRIBA_DIAG_SUBSAMPLING_EXAMPLE	split_support_cap	IFITM2|IFITM1|10:308437|10:314921|0|1
ARRIBA_DIAG_SUBSAMPLING_EXAMPLE	split_support_cap	FP236383.3|FP236383.3|20:8443330|20:8443374|1|0
ARRIBA_DIAG_SUBSAMPLING_EXAMPLE	split_support_cap	FP671120.4|FP236383.3|20:8258965|20:8397768|0|1
ARRIBA_DIAG_SUBSAMPLING_EXAMPLE	split_support_cap	FP671120.4|FP671120.4|20:8217364|20:8217378|1|0
ARRIBA_DIAG_SUBSAMPLING_EXAMPLE	split_support_cap	FP671120.4|FP236383.3|20:8258959|20:8441992|0|1
ARRIBA_DIAG_SUBSAMPLING_EXAMPLE	split_support_cap	RPL14|RPL14|2:40462052|2:40462060|1|0
ARRIBA_DIAG_SUBSAMPLING_EXAMPLE	split_support_cap	FP671120.4|FP236383.3|20:8258977|20:8397789|0|1
ARRIBA_DIAG_SUBSAMPLING_EXAMPLE	split_support_cap	FP671120.4|FP236383.3|20:8258977|20:8442019|0|1
ARRIBA_DIAG_SUBSAMPLING_EXAMPLE	split_support_cap	FP671120.4|FP236383.3|20:8214733|20:8258960|0|1
ARRIBA_DIAG_SUBSAMPLING_EXAMPLE	filtered_discordant_list_cap	FP671120.4|FP236383.3|20:8259173|20:8397771|0|1
ARRIBA_DIAG_SUBSAMPLING_EXAMPLE	unfiltered_discordant_cap_break	FP671120.4|FP236383.3|20:8259173|20:8397771|0|1
ARRIBA_DIAG_SUBSAMPLING_EXAMPLE	filtered_discordant_list_cap	FP671120.4|FP236383.3|20:8260279|20:8399082|0|1
ARRIBA_DIAG_SUBSAMPLING_EXAMPLE	unfiltered_discordant_cap_break	FP671120.4|FP236383.3|20:8260279|20:8399082|0|1
ARRIBA_DIAG_SUBSAMPLING_EXAMPLE	filtered_discordant_list_cap	|FP236383.3|20:8260279|20:8399082|0|1
ARRIBA_DIAG_SUBSAMPLING_EXAMPLE	unfiltered_discordant_cap_break	|FP236383.3|20:8260279|20:8399082|0|1
ARRIBA_DIAG_SUBSAMPLING_EXAMPLE	filtered_discordant_list_cap	FP671120.4|FP236383.3|20:8260227|20:8392318|0|1
ARRIBA_DIAG_SUBSAMPLING_EXAMPLE	unfiltered_discordant_cap_break	FP671120.4|FP236383.3|20:8260227|20:8392318|0|1
ARRIBA_DIAG_SUBSAMPLING_EXAMPLE	filtered_discordant_list_cap	|FP236383.3|20:8260227|20:8392318|0|1
ARRIBA_DIAG_SUBSAMPLING_EXAMPLE	unfiltered_discordant_cap_break	|FP236383.3|20:8260227|20:8392318|0|1
ARRIBA_DIAG_SUBSAMPLING_EXAMPLE	filtered_discordant_list_cap	FP671120.4|FP236383.3|20:8216457|20:8258816|0|1
ARRIBA_DIAG_SUBSAMPLING_EXAMPLE	unfiltered_discordant_cap_break	FP671120.4|FP236383.3|20:8216457|20:8258816|0|1
ARRIBA_DIAG_SUBSAMPLING_EXAMPLE	filtered_discordant_list_cap	FP671120.4|FP236383.3|20:8217503|20:8400456|0|1
ARRIBA_DIAG_SUBSAMPLING_EXAMPLE	unfiltered_discordant_cap_break	FP671120.4|FP236383.3|20:8217503|20:8400456|0|1
ARRIBA_DIAG_SUBSAMPLING_EXAMPLE	filtered_discordant_list_cap	FP671120.4|FP236383.3|20:8258962|20:8442013|0|1
ARRIBA_DIAG_SUBSAMPLING_EXAMPLE	unfiltered_discordant_cap_break	FP671120.4|FP236383.3|20:8258962|20:8442013|0|1
ARRIBA_DIAG_SUBSAMPLING_EXAMPLE	filtered_discordant_list_cap	FP671120.4|FP236383.3|20:8216029|20:8443242|0|1
ARRIBA_DIAG_SUBSAMPLING_EXAMPLE	filtered_discordant_list_cap	|FP236383.3|20:8259574|20:8397768|0|1
ARRIBA_DIAG_SUBSAMPLING_EXAMPLE	unfiltered_discordant_cap_break	|FP236383.3|20:8259574|20:8397768|0|1
ARRIBA_DIAG_SUBSAMPLING_EXAMPLE	filtered_discordant_list_cap	FP671120.4||20:8215344|20:8258962|0|1
ARRIBA_DIAG_SUBSAMPLING_EXAMPLE	filtered_discordant_list_cap	FP671120.4|FP236383.3|20:8217379|20:8441784|0|1
ARRIBA_DIAG_SUBSAMPLING_EXAMPLE	unfiltered_discordant_cap_break	FP671120.4|FP236383.3|20:8217379|20:8441784|0|1
ARRIBA_DIAG_SUBSAMPLING_EXAMPLE	filtered_discordant_list_cap	FP671120.4|FP236383.3|20:8217862|20:8400272|0|1
ARRIBA_DIAG_SUBSAMPLING_EXAMPLE	unfiltered_discordant_cap_break	FP671120.4|FP236383.3|20:8217862|20:8400272|0|1
ARRIBA_DIAG_SUBSAMPLING_EXAMPLE	filtered_discordant_list_cap	FP671120.4|FP236383.3|20:8217948|20:8400445|0|1
ARRIBA_DIAG_SUBSAMPLING_EXAMPLE	unfiltered_discordant_cap_break	FP671120.4|FP236383.3|20:8217948|20:8400445|0|1
ARRIBA_DIAG_SUBSAMPLING_EXAMPLE	filtered_discordant_list_cap	FP671120.4|FP236383.3|20:8215301|20:8397362|0|1
ARRIBA_DIAG_SUBSAMPLING_EXAMPLE	unfiltered_discordant_cap_break	FP671120.4|FP236383.3|20:8215301|20:8397362|0|1
ARRIBA_DIAG_SUBSAMPLING_EXAMPLE	filtered_discordant_list_cap	|FP236383.3|20:8259530|20:8441582|0|1
ARRIBA_DIAG_SUBSAMPLING_EXAMPLE	unfiltered_discordant_cap_break	|FP236383.3|20:8259530|20:8441582|0|1
ARRIBA_DIAG_SUBSAMPLING_EXAMPLE	filtered_discordant_list_cap	|FP236383.3|20:8259530|20:8397362|0|1
ARRIBA_DIAG_SUBSAMPLING_EXAMPLE	unfiltered_discordant_cap_break	|FP236383.3|20:8259530|20:8397362|0|1
ARRIBA_DIAG_SUBSAMPLING_EXAMPLE	filtered_discordant_list_cap	FP671120.4||20:8216024|20:8260134|0|1
ARRIBA_DIAG_SUBSAMPLING_EXAMPLE	filtered_discordant_list_cap	FP671120.4|FP236383.3|20:8215963|20:8436553|0|1
ARRIBA_DIAG_SUBSAMPLING_EXAMPLE	unfiltered_discordant_cap_break	FP671120.4|FP236383.3|20:8215963|20:8436553|0|1
ARRIBA_DIAG_SUBSAMPLING_EXAMPLE	filtered_discordant_list_cap	FP671120.4|FP236383.3|20:8215963|20:8392339|0|1
ARRIBA_DIAG_SUBSAMPLING_EXAMPLE	unfiltered_discordant_cap_break	FP671120.4|FP236383.3|20:8215963|20:8392339|0|1
ARRIBA_DIAG_SUBSAMPLING_EXAMPLE	filtered_discordant_list_cap	FP671120.4|FP236383.3|20:8214786|20:8397731|0|1
ARRIBA_DIAG_SUBSAMPLING_EXAMPLE	filtered_discordant_list_cap	|FP236383.3|20:8259073|20:8441992|0|1
ARRIBA_DIAG_SUBSAMPLING_EXAMPLE	filtered_discordant_list_cap	FP671120.4|FP236383.3|20:8216748|20:8258953|0|1
ARRIBA_DIAG_SUBSAMPLING_EXAMPLE	unfiltered_discordant_cap_break	FP671120.4|FP236383.3|20:8216748|20:8258953|0|1
ARRIBA_DIAG_SUBSAMPLING_EXAMPLE	filtered_discordant_list_cap	FP671120.4|FP236383.3|20:8218648|20:8400109|0|1
ARRIBA_DIAG_SUBSAMPLING_EXAMPLE	unfiltered_discordant_cap_break	FP671120.4|FP236383.3|20:8218648|20:8400109|0|1
ARRIBA_DIAG_SUBSAMPLING_EXAMPLE	filtered_discordant_list_cap	FP671120.4|FP236383.3|20:8215511|20:8398393|0|1
ARRIBA_DIAG_SUBSAMPLING_EXAMPLE	unfiltered_discordant_cap_break	FP671120.4|FP236383.3|20:8215511|20:8398393|0|1
ARRIBA_DIAG_SUBSAMPLING_EXAMPLE	filtered_discordant_list_cap	FP671120.4|FP236383.3|20:8214868|20:8397811|0|1
ARRIBA_DIAG_SUBSAMPLING_EXAMPLE	unfiltered_discordant_cap_break	FP671120.4|FP236383.3|20:8214868|20:8397811|0|1
ARRIBA_DIAG_SUBSAMPLING_EXAMPLE	filtered_discordant_list_cap	FP671120.4||20:8215986|20:8258958|0|1
ARRIBA_DIAG_SUBSAMPLING_EXAMPLE	unfiltered_discordant_cap_break	FP671120.4||20:8215986|20:8258958|0|1
ARRIBA_DIAG_SUBSAMPLING_EXAMPLE	filtered_discordant_list_cap	FP671120.4|FP236383.3|20:8215998|20:8399039|0|1
ARRIBA_DIAG_SUBSAMPLING_EXAMPLE	unfiltered_discordant_cap_break	FP671120.4|FP236383.3|20:8215998|20:8399039|0|1
ARRIBA_DIAG_SUBSAMPLING_EXAMPLE	filtered_discordant_list_cap	FP671120.4|FP236383.3|20:8214826|20:8392281|0|1
ARRIBA_DIAG_SUBSAMPLING_EXAMPLE	unfiltered_discordant_cap_break	FP671120.4|FP236383.3|20:8214826|20:8392281|0|1
ARRIBA_DIAG_SUBSAMPLING_EXAMPLE	filtered_discordant_list_cap	FP671120.4|FP236383.3|20:8217479|20:8400158|0|1
ARRIBA_DIAG_SUBSAMPLING_EXAMPLE	unfiltered_discordant_cap_break	FP671120.4|FP236383.3|20:8217479|20:8400158|0|1
ARRIBA_DIAG_SUBSAMPLING_EXAMPLE	unfiltered_discordant_cap_break	|FP236383.3|20:8260277|20:8398936|0|1
ARRIBA_DIAG_SUBSAMPLING_EXAMPLE	unfiltered_discordant_cap_break	FP671120.4|FP236383.3|20:8216024|20:8257353|0|1
ARRIBA_DIAG_SUBSAMPLING_EXAMPLE	unfiltered_discordant_cap_break	|FP236383.3|20:8259041|20:8400274|0|1
ARRIBA_DIAG_SUBSAMPLING_EXAMPLE	unfiltered_discordant_cap_break	|FP236383.3|20:8260080|20:8398776|0|1
ARRIBA_DIAG_SUBSAMPLING_EXAMPLE	unfiltered_discordant_cap_break	|FP236383.3|20:8260080|20:8398803|0|1
