gene1	gene2	breakpoint1	breakpoint2	confidence	reading_frame	type	filters	tags	split_reads1	split_reads2	discordant_mates	candidate_number	reported_unique_read_identifiers	reported_split_plus_discordant
CEACAM3	CEACAM3	chr19:41807383	chr19:41803759	high	stop-codon	duplication	duplicates(28)	.	118	38	0	1	107	156
KRTAP9-1	KRTAP9-1	chr17:41190374	chr17:41190348	medium	in-frame	duplication/ITD	duplicates(380)	.	268	155	0	2	495	423
NOTCH2NLC	NOTCH2NLC	chr1:149390834	chr1:149390805	medium	in-frame	duplication/ITD	duplicates(17),low_entropy(5)	.	10	56	0	3	88	66
BCAR1P2(5677),RN7SL400P(15719)	AC100757.1	chr15:21087124	chr15:22373081	medium	.	inversion	duplicates(4),mismatches(6)	.	4	39	0	4	32	43
AC100757.1	LINC01193(19855),BCAR1P2(2517)	chr15:22373082	chr15:21078295	medium	.	inversion	duplicates(4),mismatches(1)	.	39	2	0	5	26	41
GRK6P1	TBCK	chr13:21320626	chr4:106205025	medium	.	translocation/3'-3'	duplicates(6),mismatches(1)	.	20	2	0	6	20	22
ACE	ST8SIA4(150403),RN7SL802P(528145)	chr17:63488530	chr5:101053685	medium	.	translocation	duplicates(2),mismappers(1),mismatches(1),multimappers(1)	.	7	11	0	7	14	18
LVRN	LVRN	chr5:116011042	chr5:116015209	medium	.	inversion/3'-3'	duplicates(1)	.	1	9	0	8	6	10
LVRN	LVRN	chr5:116015368	chr5:116011018	medium	out-of-frame	inversion/3'-3'	.	.	3	1	0	9	3	4
PRAMEF1	PRAMEF28P(6970),PRAMEF27(10376)	chr1:12793460	chr1:13039100	medium	.	duplication	duplicates(1)	.	7	3	0	10	9	10
CCND1	HEG1	chr11:69651217	chr3:125013572	medium	.	translocation/3'-3'	duplicates(6),mismappers(1)	.	2	5	0	11	13	7
FOCAD	MIR3681HG	chr9:20953065	chr2:11865850	medium	out-of-frame	translocation	.	.	5	0	0	12	5	5
FOCAD	MIR3681HG	chr9:20953064	chr2:11848575	low	out-of-frame	translocation	.	.	1	0	0	13	1	1
FOCAD	MIR3681HG	chr9:20953065	chr2:12007747	low	out-of-frame	translocation	.	.	0	1	0	14	1	1
FTH1	SCHLAP1	chr11:61967607	chr2:180873542	medium	.	translocation/3'-3'	duplicates(2),mismatches(2)	.	1	3	0	15	8	4
ACE	RPA3	chr17:63488530	chr7:7677955	medium	.	translocation/3'-3'	duplicates(2),multimappers(2)	.	2	2	0	16	7	4
ACE	UMAD1	chr17:63488530	chr7:7677955	medium	.	translocation	duplicates(2),multimappers(2)	.	2	2	0	17	7	4
LZTS2	CCND1	chr10:101002946	chr11:69651221	medium	out-of-frame	translocation	duplicates(1)	.	3	1	0	18	5	4
ANO9	CLK2	chr11:428015	chr1:155274718	medium	stop-codon	translocation/5'-5'	duplicates(2),mismappers(2)	.	2	1	0	19	7	3
RN7SL42P(37149),WARS1P1(3512)	ZNF880	chr11:59251848	chr19:52384816	medium	.	translocation	duplicates(1)	.	2	1	0	20	3	3
AGAP3	HOXD11	chr7:151086814	chr2:176107588	low	in-frame	translocation	duplicates(2),mismatches(2)	.	7	0	0	21	11	7
TUBB8P5	FAM41C	chr12:38203748	chr1:874317	low	.	translocation/5'-5'	.	.	4	0	0	22	4	4
TUBB8P5	TUBB8P11	chr12:38203748	chr1:874317	low	.	translocation	.	.	4	0	0	23	4	4
DMPK	ATXN3	chr19:45770205	chr14:92071035	low	.	translocation/5'-5'	duplicates(2),low_entropy(1)	.	0	4	0	24	7	4
MADCAM1	MADCAM1	chr19:501708	chr19:501685	low	in-frame	duplication/ITD	duplicates(2),mismappers(11)	.	0	4	0	25	14	4
TBP	ATXN3	chr6:170562017	chr14:92071014	low	in-frame	translocation	duplicates(4),low_entropy(1),mismatches(14)	.	0	3	0	26	22	3
EP400	AC138696.1	chr12:132062592	chr8:143268841	low	out-of-frame	translocation/5'-5'	duplicates(2),low_entropy(1),mismappers(2)	.	0	2	0	27	7	2
EP400	GLI4	chr12:132062592	chr8:143268841	low	out-of-frame	translocation/5'-5'	duplicates(2),low_entropy(1),mismappers(2)	.	0	2	0	28	7	2
