gene	intron_start0	intron_end0	annotation	old_query_name_fragments	old_distinct_fragment_alignment_patterns	old_alternate_linked_pairs	old_alternate_and_junction_same_read	new_query_name_fragments	new_distinct_fragment_alignment_patterns	new_alternate_linked_pairs	new_alternate_and_junction_same_read	forward_reference_splice_edges	BAP1_strand_donor_acceptor	MANE_CDS_bases_inside_this_intron	MANE_CDS_removed_modulo3	annotation_types
BAP1	52401065	52401166		1	1	0	0	0	0	0	0	CT-AC	GT-AG	0	0	
BAP1	52401232	52401502		0	0	0	0	3	1	0	0	GG-TA	TA-CC	0	0	
BAP1	52401773	52401853		0	0	0	0	3	1	0	0	GG-GC	GC-CC	0	0	
BAP1	52402421	52402601	ENST00000296288.9,ENST00000460680.6,ENST00000466093.1,ENST00000469613.5,ENST00000478368.1	434	253	0	0	434	253	0	0	CT-AC	GT-AG	0	0	ENST00000296288.9:protein_coding;ENST00000460680.6:protein_coding;ENST00000466093.1:retained_intron;ENST00000469613.5:protein_coding;ENST00000478368.1:protein_coding
BAP1	52402674	52402778	ENST00000296288.9,ENST00000460680.6,ENST00000466093.1,ENST00000469613.5,ENST00000478368.1	884	466	0	0	884	468	0	0	CT-AC	GT-AG	0	0	ENST00000296288.9:protein_coding;ENST00000460680.6:protein_coding;ENST00000466093.1:retained_intron;ENST00000469613.5:protein_coding;ENST00000478368.1:protein_coding
BAP1	52402692	52402778		10	7	0	0	8	6	0	0	CT-AC	GT-AG	0	0	
BAP1	52402701	52402778		11	7	0	0	10	6	0	0	CT-AC	GT-AG	0	0	
BAP1	52402868	52403137		6	4	0	0	5	3	0	0	CT-AC	GT-AG	3	0	
BAP1	52402871	52403137	ENST00000296288.9,ENST00000460680.6	1854	885	0	0	1858	886	0	0	CT-AC	GT-AG	0	0	ENST00000296288.9:protein_coding;ENST00000460680.6:protein_coding
BAP1	52402871	52403182		34	24	0	0	32	23	0	0	CT-AC	GT-AG	45	0	
BAP1	52402871	52404452		1	1	0	0	1	1	0	0	CT-AC	GT-AG	640	1	
BAP1	52402940	52403137	ENST00000478368.1	25	14	0	0	25	14	0	0	CT-AC	GT-AG	0	0	ENST00000478368.1:protein_coding
BAP1	52403200	52403533		4	1	0	0	0	0	0	0	GC-AG	CT-GC	216	0	
BAP1	52403298	52403415	ENST00000296288.9,ENST00000460680.6,ENST00000466093.1,ENST00000478368.1	1002	494	0	0	1000	493	0	0	CT-AC	GT-AG	0	0	ENST00000296288.9:protein_coding;ENST00000460680.6:protein_coding;ENST00000466093.1:retained_intron;ENST00000478368.1:protein_coding
BAP1	52403298	52404452		7	6	0	0	7	6	0	0	CT-AC	GT-AG	479	2	
BAP1	52403466	52404452		1	1	0	0	1	1	0	0	CT-AC	GT-AG	428	2	
BAP1	52403471	52404452		8	6	0	0	6	4	0	0	CT-AC	GT-AG	423	0	
BAP1	52403557	52404452		5	3	0	0	5	3	0	0	CT-AC	GT-AG	337	1	
BAP1	52403712	52404564		1	1	0	0	0	0	0	0	CT-AC	GT-AG	294	0	
BAP1	52403746	52404452		1	1	0	0	1	1	0	0	CT-AC	GT-AG	148	1	
BAP1	52403894	52404452	ENST00000296288.9,ENST00000460680.6,ENST00000469613.5,ENST00000490804.1	692	406	0	0	695	409	0	0	CT-AC	GT-AG	0	0	ENST00000296288.9:protein_coding;ENST00000460680.6:protein_coding;ENST00000469613.5:protein_coding;ENST00000490804.1:retained_intron
BAP1	52404577	52405137		1	1	0	0	1	1	0	0	TT-GA	TC-AA	37	1	
BAP1	52404583	52405108		0	0	0	0	4	2	0	0	CT-TA	TA-AG	3	0	
BAP1	52404583	52405109		8	5	0	0	8	5	0	0	CT-AC	GT-AG	3	0	
BAP1	52404586	52405109	ENST00000296288.9,ENST00000460680.6,ENST00000490804.1	2167	1083	0	0	2164	1084	0	0	CT-AC	GT-AG	0	0	ENST00000296288.9:protein_coding;ENST00000460680.6:protein_coding;ENST00000490804.1:retained_intron
BAP1	52404586	52405764		32	19	0	0	32	19	0	0	CT-AC	GT-AG	185	2	
BAP1	52404586	52406252		7	5	0	0	6	4	0	0	CT-AC	GT-AG	333	0	
BAP1	52404586	52406288		2	1	0	0	2	1	0	0	CT-AC	GT-AG	369	0	
BAP1	52404586	52407173		5	1	0	0	5	1	0	0	CT-AC	GT-AG	536	2	
BAP1	52404586	52407957		1	1	0	0	1	1	0	0	CT-AC	GT-AG	741	0	
BAP1	52404713	52405036		0	0	0	0	2	1	0	0	CA-CA	TG-TG	0	0	
BAP1	52405160	52405764		1	1	0	0	1	1	0	0	CT-AC	GT-AG	134	2	
BAP1	52405202	52406302		1	1	0	0	0	0	0	0	GC-CA	TG-GC	290	2	
BAP1	52405294	52405764	ENST00000296288.9,ENST00000460680.6	501	295	0	0	502	297	0	0	CT-AC	GT-AG	0	0	ENST00000296288.9:protein_coding;ENST00000460680.6:protein_coding
BAP1	52405294	52406252		3	2	0	0	3	2	0	0	CT-AC	GT-AG	148	1	
BAP1	52405912	52406252	ENST00000296288.9,ENST00000460680.6,ENST00000471532.5	355	208	0	0	356	209	0	0	CT-AC	GT-AG	0	0	ENST00000296288.9:protein_coding;ENST00000460680.6:protein_coding;ENST00000471532.5:retained_intron
BAP1	52406322	52406755		2	1	0	0	2	1	0	0	CT-AC	GT-AG	54	0	
BAP1	52406322	52406828	ENST00000296288.9	22	11	0	0	22	11	0	0	CT-AC	GT-AG	54	0	ENST00000296288.9:protein_coding
BAP1	52406338	52406828		4	2	0	0	4	2	0	0	CT-AC	GT-AG	38	2	
BAP1	52406376	52406755		4	4	0	0	2	2	0	0	CT-AC	GT-AG	0	0	
BAP1	52406376	52406828	ENST00000460680.6	585	293	0	0	583	292	0	0	CT-AC	GT-AG	0	0	ENST00000460680.6:protein_coding
BAP1	52406376	52407173		1	1	0	0	1	1	0	0	CT-AC	GT-AG	79	1	
BAP1	52406458	52406828		7	4	0	0	5	2	0	0	CT-AC	GT-AG	0	0	
BAP1	52406575	52406828		3	1	0	0	3	1	0	0	CT-AC	GT-AG	0	0	
BAP1	52406866	52407429		1	1	0	0	1	1	0	0	CC-CT	AG-GG	215	2	
BAP1	52406872	52407398		1	1	0	0	1	1	0	0	CT-AC	GT-AG	178	1	
BAP1	52406907	52407173	ENST00000296288.9,ENST00000460680.6,ENST00000471532.5	1117	570	0	0	1122	570	0	0	CT-AC	GT-AG	0	0	ENST00000296288.9:protein_coding;ENST00000460680.6:protein_coding;ENST00000471532.5:retained_intron
BAP1	52406907	52407398	ENST00000483984.5	14	11	0	0	14	11	0	0	CT-AC	GT-AG	143	2	ENST00000483984.5:retained_intron
BAP1	52406907	52407957		1	1	0	0	1	1	0	0	CT-AC	GT-AG	205	1	
BAP1	52407316	52407398	ENST00000296288.9,ENST00000460680.6,ENST00000470173.1,ENST00000471532.5,ENST00000490917.1	270	159	1	0	270	159	1	0	CT-AC	GT-AG	0	0	ENST00000296288.9:protein_coding;ENST00000460680.6:protein_coding;ENST00000470173.1:protein_coding;ENST00000471532.5:retained_intron;ENST00000490917.1:nonsense_mediated_decay
BAP1	52407460	52407957	ENST00000296288.9,ENST00000460680.6,ENST00000470173.1,ENST00000471532.5,ENST00000483984.5,ENST00000490917.1	293	179	11	0	292	178	11	0	CT-AC	GT-AG	0	0	ENST00000296288.9:protein_coding;ENST00000460680.6:protein_coding;ENST00000470173.1:protein_coding;ENST00000471532.5:retained_intron;ENST00000483984.5:retained_intron;ENST00000490917.1:nonsense_mediated_decay
BAP1	52407851	52408584		0	0	0	0	1	1	0	0	GA-AG	CT-TC	231	0	
BAP1	52408077	52408473	ENST00000296288.9,ENST00000460680.6,ENST00000470173.1,ENST00000483984.5	218	139	40	28	214	137	40	28	CT-AC	GT-AG	0	0	ENST00000296288.9:protein_coding;ENST00000460680.6:protein_coding;ENST00000470173.1:protein_coding;ENST00000483984.5:retained_intron
BAP1	52408077	52409553	ENST00000490917.1	2	2	0	0	2	2	0	0	CT-AC	GT-AG	133	1	ENST00000490917.1:nonsense_mediated_decay
BAP1	52408604	52409553		1	1	0	0	1	1	0	0	GG-AC	GT-CC	2	2	
BAP1	52408606	52409553	ENST00000296288.9,ENST00000460680.6,ENST00000470173.1,ENST00000483984.5	461	261	135	133	459	259	135	133	CT-AC	GT-AG	0	0	ENST00000296288.9:protein_coding;ENST00000460680.6:protein_coding;ENST00000470173.1:protein_coding;ENST00000483984.5:retained_intron
BAP1	52409608	52409713	ENST00000296288.9,ENST00000460680.6,ENST00000470173.1,ENST00000483984.5,ENST00000490917.1	944	467	24	9	946	474	24	9	CT-AC	GT-AG	0	0	ENST00000296288.9:protein_coding;ENST00000460680.6:protein_coding;ENST00000470173.1:protein_coding;ENST00000483984.5:retained_intron;ENST00000490917.1:nonsense_mediated_decay
BAP1	52409743	52409841	ENST00000296288.9,ENST00000460680.6,ENST00000483984.5,ENST00000490917.1	1070	543	22	5	1070	549	22	5	CT-AC	GT-AG	0	0	ENST00000296288.9:protein_coding;ENST00000460680.6:protein_coding;ENST00000483984.5:retained_intron;ENST00000490917.1:nonsense_mediated_decay
BAP1	52409891	52409962		0	0	0	0	1	1	0	0	GG-GG	CC-CC	0	0	
