bin_kb	mask_flank	MAPQ_min	arm	bins	raw_log2_density_median	adjusted_log2_density_median	adjusted_density_ratio_median	adjusted_log2_Q25	adjusted_log2_Q75	retained_off_exon_fragments	retained_off_exon_ACGT_bases
100	100	30	chr10p	378	-0.3471492281929132	-0.3421221721545948	0.7888800330714768	-0.6967729512717852	0.10844249227109881	101066	36468669
100	100	30	chr10q	913	0.15853145388455236	0.05099031719807667	1.0359758104743362	-0.2856902992223267	0.5380962980422446	378895	86878768
100	100	30	chr11p	502	0.06163517847077893	0.03429112933553091	1.0240535289508665	-0.3284577405702946	0.565604441505851	203851	47214912
100	100	30	chr11q	788	0.3358178306910258	0.10970564695225882	1.079008064045036	-0.27630086084904726	0.6756248095002402	322215	73285028
100	100	30	chr12p	331	0.26992862446407884	0.23887075412072756	1.1800686204812998	-0.16271840403747406	0.7743944890203288	128163	31073497
100	100	30	chr12q	952	0.1261831035835611	0.04980752740919134	1.0351268164623542	-0.3020997885532726	0.5672457900794747	315421	88916856
100	100	30	chr13q	949	-0.5459408134567755	-0.1781280421945457	0.8838490841325067	-0.5661152800274106	0.28469605300675815	246719	92154530
100	100	30	chr14p	1	-0.4677282168795739	-1.0586329361609792	0.4800867631040654	-1.0586329361609792	-1.0586329361609792	149	96064
100	100	30	chr14q	880	0.6086009188408882	0.6194602338948716	1.5363002864258894	0.26048788233459	1.1564168954800365	735732	83090239
100	100	30	chr15q	804	0.2687104203681203	0.06923949835945375	1.0491634822439642	-0.3660067179053224	0.7519989821316644	470563	75005115
100	100	30	chr16p	344	0.5119506936061933	-0.17363468224452305	0.8866061762774583	-0.5412715140754205	0.4793022592588773	255770	31217023
100	100	30	chr16q	438	0.18107220462348583	-0.08359760388599402	0.9437014311407316	-0.44708098477322367	0.4499970269404029	199369	40837471
100	100	30	chr17p	222	0.49251008373102934	-0.28594352166107806	0.8202050197914427	-0.7375579234353311	0.5212219022812468	130498	19846317
100	100	30	chr17q	557	0.6053096949210321	0.07331002991005464	1.0521278533556289	-0.3450597759359395	0.7171190769140454	351947	49900229
100	100	30	chr18p	154	0.06913770454882273	-0.032346893910421115	0.9778283277884189	-0.3274878830152622	0.6098869090401633	74309	14718778
100	100	30	chr18q	585	-0.4703924032978192	-0.180217823778	0.88256973237717	-0.4905853726339414	0.19251451489137916	125555	56515817
100	100	30	chr19p	238	1.7693249719384565	0.43789597160697014	1.3546272958703907	-0.1315884743273446	1.5129911926738608	240026	20081806
100	100	30	chr19q	304	1.5749919203869616	0.5667700520840073	1.481203693481263	-0.043148980040037144	1.581538950727415	353554	25845526
100	100	30	chr1p	1208	-0.10681447678720452	-0.3353670534274715	0.7925824605028475	-0.7396078965321402	0.13474330089543607	405800	112810904
100	100	30	chr1q	1051	0.13796666666798574	0.1385228528201643	1.1007774742061422	-0.290899187986769	0.7199383499360961	473896	98194328
100	100	30	chr20p	256	0.18631422418099908	-0.013519715246665565	0.9906726199050825	-0.35727531752887337	0.5574699900606992	79266	24500897
100	100	30	chr20q	333	0.38732900818642735	-0.19536568937508791	0.8733514937260553	-0.5381221796199329	0.1959802804300157	126067	30967155
100	100	30	chr21p	13	-0.10220367743888192	0.8365734230774222	1.7858035991701617	-1.3592872777062288	3.5013017253825605	42092	1272123
100	100	30	chr21q	336	0.03801668194323482	0.15306006508952563	1.111925450399198	-0.20951947079061212	0.6805765301201393	120984	32072481
100	100	30	chr22p	5	-1.8307988666192077	-1.9825478375815804	0.2530425952016331	-3.302008121893666	2.196054731184255	2303	490000
100	100	30	chr22q	330	0.9928099683730254	0.0750961907737484	1.0534312704729647	-0.32412618579582136	0.9557635847676267	309056	30012807
100	100	30	chr2p	902	0.03384479606758295	0.05154919018677884	1.036377205806179	-0.32722462987985373	0.5124722188962343	355992	86303558
100	100	30	chr2q	1457	-0.09495089516132094	0.08302423184690122	1.0592361257147926	-0.2691678084021019	0.5543689586577509	513855	138744898
100	100	30	chr3p	877	-0.33107722484189506	-0.23730528042222243	0.8483283728111152	-0.5985536281719865	0.21836620178435234	251699	83565517
100	100	30	chr3q	1041	-0.03198568082740616	0.1849492485990596	1.1367769827753986	-0.1648919536209228	0.6777378520596304	465563	99384565
100	100	30	chr4p	477	-0.4169643959642181	-0.30147122248603847	0.8114245049126219	-0.6433975172801276	0.12492955711314635	118719	45916294
100	100	30	chr4q	1381	-0.6456513298975196	-0.1899225547659526	0.8766527796031535	-0.5358963331216022	0.260602834527443	324133	133891870
100	100	30	chr5p	457	0.3457349188987544	0.63406557008602	1.5519322418330852	0.285355955775215	1.0517872781676396	233954	44351645
100	100	30	chr5q	1292	-0.19906861455390595	-0.006817203359951396	0.9952858214969789	-0.4848871433783094	0.5556339488111184	432652	123540883
100	100	30	chr6p	583	0.4934357460850336	0.4195311280904923	1.3374928026710973	0.04204655605411278	0.999430331516415	315323	54853288
100	100	30	chr6q	1078	-0.4560709693771322	-0.1781155915794012	0.8838567118791653	-0.5384685765130988	0.25616268267224496	272719	103955550
100	100	30	chr7p	580	0.10343737067132042	0.12455030326079244	1.0901678678043316	-0.2040349971663206	0.6779390431583129	349096	55616366
100	100	30	chr7q	963	-0.34452064075745836	-0.21845246127887685	0.8594868897488831	-0.7643051212254783	0.3500028215004575	403997	91586584
100	100	30	chr8p	428	-0.2277406589351802	-0.3034274158117499	0.8103250157578321	-0.6258162020209445	0.19485362981267917	136856	40850666
100	100	30	chr8q	976	-0.12395326082933678	0.08605946809422473	1.0614669618667698	-0.2767222144989794	0.5112925943642137	298732	94222968
100	100	30	chr9p	416	-0.3573510706303055	-0.07975583343935708	0.9462177742532895	-0.8326893600676248	0.5755392632073886	149671	40091678
100	100	30	chr9q	741	0.08529311042764465	-0.16066923513470188	0.8946099843705648	-0.5296053140646403	0.3054460617315562	299467	69908564
100	100	30	chrXp	550	-0.5747952456209291	-0.5059777037711344	0.704182996216069	-1.0369651864847953	0.10226343842459684	142473	52901077
100	100	30	chrXq	860	-0.5847551772181143	-0.5860973535556497	0.666142459507906	-1.0152422211213685	-0.001585113291397544	250460	83037881
100	100	30	chrYp	68	-2.256408317403793	-2.3981855215579153	0.18970301043267995	-2.999485199432446	-0.7496271773494931	6776	6750596
100	100	30	chrYq	92	-2.6607313678627023	-2.627531496767527	0.16182074822271222	-3.507898709080458	-0.7048688817615512	14999	9079658
100	500	30	chr10p	378	-0.3396675480934195	-0.31316498768159223	0.8048740863564848	-0.667516986664025	0.13455076602951957	96125	34922849
100	500	30	chr10q	909	0.14482660413232273	0.05736686178709023	1.0405648372957568	-0.2975347442373616	0.5359499829113727	351376	82111880
100	500	30	chr11p	502	0.04874542157632478	0.02355860905426492	1.016463639792332	-0.3161413130580377	0.5849449376855561	190751	44608678
100	500	30	chr11q	780	0.29304118247627853	0.10405522949073272	1.0747903173690594	-0.270321383211539	0.6585195286986332	298114	68565207
100	500	30	chr12p	327	0.2672749664998053	0.21593661145434861	1.1614576991504417	-0.1551198388468601	0.7758619048103365	117962	28849046
100	500	30	chr12q	939	0.10761337475395183	0.055677473709217176	1.039347054655564	-0.29787113809700083	0.560774947163233	280744	82865548
100	500	30	chr13q	949	-0.5726019870388795	-0.18505721499468886	0.8796141911284859	-0.5723156660376256	0.30463858998934157	230371	89433627
100	500	30	chr14p	1	-0.4353263428565336	-0.9919289013952763	0.5028050687261956	-0.9919289013952763	-0.9919289013952763	149	96064
100	500	30	chr14q	877	0.5752613330967102	0.6389677335141264	1.5572145539705455	0.27042510732448016	1.1762043489148644	705648	78792955
100	500	30	chr15q	801	0.25173550134449285	0.06917808976060048	1.0491188253439139	-0.35246274129769395	0.7474890409000277	444265	70072370
100	500	30	chr16p	335	0.40676094542499164	-0.1475611640408676	0.9027752900013107	-0.5704467369371791	0.45584874896286054	229861	28296838
100	500	30	chr16q	435	0.15618388264461447	-0.08014087975536287	0.9459652683234919	-0.435218399774439	0.4754291785847096	177711	38225976
100	500	30	chr17p	219	0.38805911358191914	-0.3252119356091394	0.7981811228854825	-0.7711195588762108	0.5214986715659804	115598	17886463
100	500	30	chr17q	550	0.5149063099675817	0.060300847180560516	1.042683170327166	-0.3628312521421395	0.678637911697091	302945	44859967
100	500	30	chr18p	154	0.12194011936517701	-0.009097413192637002	0.9937139938191158	-0.29860257454419237	0.595724759487712	71258	14011848
100	500	30	chr18q	585	-0.46459479742051313	-0.1695426593865093	0.8891244928344101	-0.5005166226056328	0.20577089107340518	119249	54633137
100	500	30	chr19p	233	1.4655229532167322	0.3921528543672701	1.3123502914926026	-0.302303537852614	1.3586870951074634	189943	16971541
100	500	30	chr19q	297	1.4388942900493569	0.5401679678841722	1.4541418080559714	-0.09876751639135216	1.6104425219175074	304438	22185164
100	500	30	chr1p	1204	-0.12207021083159836	-0.3214096671205335	0.8002875290541419	-0.7399785789268931	0.16850702548302993	375029	105363286
100	500	30	chr1q	1043	0.11923636704844554	0.10773390887320024	1.077534385933813	-0.2890238427066374	0.7067325155653698	439426	91523819
100	500	30	chr20p	256	0.15819176533010282	-0.03055101035070877	0.9790462977734327	-0.32530876675074977	0.586183306700153	73512	23387939
100	500	30	chr20q	333	0.30035731088921547	-0.21735633486133887	0.8601401562013492	-0.5314559341761071	0.18179814168535424	112165	28748102
100	500	30	chr21p	13	-0.06980180341584163	0.8476457932990934	1.799561981609085	-1.2261416651904367	3.592116550466676	41779	1244829
100	500	30	chr21q	335	0.06737461568675873	0.16713848459878955	1.1228291975103994	-0.18870874181708047	0.6868125086324257	111928	30518608
100	500	30	chr22p	5	-1.7983969925961674	-1.9611073772574614	0.25683124363507737	-3.2095345441301126	2.2368592419087188	2303	490000
100	500	30	chr22q	328	0.913561110517648	0.10663234355981278	1.0767119519267183	-0.26543029944052005	0.9229862325021254	283186	27271835
100	500	30	chr2p	901	0.030009184097482988	0.06991061125470589	1.0496516456574938	-0.31857538390316087	0.5190298650351745	334811	82421964
100	500	30	chr2q	1449	-0.07351655788410494	0.07113200334553939	1.0505406617168627	-0.2611459586944872	0.5666157500245139	488310	131536353
100	500	30	chr3p	871	-0.35570184389840376	-0.21886952298973206	0.8592384607635927	-0.6035897860711812	0.21808106394942883	230168	79403296
100	500	30	chr3q	1035	-0.026728808868772935	0.17866918606418253	1.131839338483119	-0.17139482361771738	0.6423916041683182	447364	94189048
100	500	30	chr4p	477	-0.40892119973135466	-0.27538998710175616	0.8262269435694083	-0.611584965482916	0.16250209003706217	111025	44145904
100	500	30	chr4q	1381	-0.6245030889509094	-0.18831046183045652	0.8776329144201998	-0.5429855382405268	0.2578432935981292	314227	129409648
100	500	30	chr5p	457	0.3781367929217947	0.6512090750445879	1.570483815021819	0.2884738976143313	1.0519907139738711	222084	42975695
100	500	30	chr5q	1289	-0.17152794423226647	-0.007381835293931646	0.9948963696816658	-0.47611854544674603	0.5621573394889077	407438	118217531
100	500	30	chr6p	579	0.49948562832454413	0.3918787731424914	1.3121009966656016	0.013475126142996521	1.0247377765688426	291085	51794733
100	500	30	chr6q	1076	-0.4243829848980642	-0.16621000905915537	0.891180759778011	-0.5423031154538566	0.2817563523452913	260487	100004701
100	500	30	chr7p	580	0.0946373695701459	0.15883461837028814	1.1163849791831522	-0.20246999977011942	0.6648368594184113	333957	53245790
100	500	30	chr7q	960	-0.33502619808281026	-0.23570323521135236	0.849270924933491	-0.7708083484078377	0.362587630809368	388390	87002245
100	500	30	chr8p	425	-0.22464459283046057	-0.2992219987161707	0.8126905373431038	-0.6267002840661208	0.2002106129466803	128601	38708750
100	500	30	chr8q	975	-0.11363388488457005	0.10397240468240816	1.074728615662003	-0.2826784258133966	0.5359894579434898	283670	90931716
100	500	30	chr9p	415	-0.3998476161058925	-0.1472596253532289	0.9029639994090968	-0.844151718742409	0.5937605929529595	139642	38568478
100	500	30	chr9q	740	0.05092030024758254	-0.1436360271581073	0.9052348128250145	-0.5338805544493304	0.3143454297288186	274240	65826807
100	500	30	chrXp	546	-0.5624421208186579	-0.530524382715621	0.6923030538808551	-1.0418813351065386	0.10739918585863027	133305	50597967
100	500	30	chrXq	854	-0.6069533240333287	-0.6079772888746614	0.6561159558921157	-1.039385843938371	-0.03805805774324701	237655	79956913
100	500	30	chrYp	68	-2.2654134346886465	-2.4772543298519456	0.17958586044158437	-3.006058317855822	-0.6965615838003546	6737	6697885
100	500	30	chrYq	91	-2.651171039412989	-2.6141798982592412	0.16332528946122674	-3.531118910186829	-0.6387201096360184	14872	8864897
100	2000	30	chr10p	354	-0.28515229777268175	-0.34911803446201234	0.7850638858443352	-0.7043697670929905	0.14210264452341007	85017	30387513
100	2000	30	chr10q	843	0.13717641910260037	0.040399175006886126	1.0283983317754783	-0.3198874885464422	0.503536934766578	302383	70698372
100	2000	30	chr11p	452	0.028638216071992018	0.014355418337197182	1.0100000877619526	-0.3503420128669231	0.6085022355782144	157738	37641575
100	2000	30	chr11q	694	0.2784370530295308	0.14051827834201386	1.102301038877203	-0.2814336376690979	0.7472448116162382	254470	57352321
100	2000	30	chr12p	291	0.31037280458275296	0.20468485053586233	1.1524345757730954	-0.2200728228608047	0.7596531864187767	96323	23310963
100	2000	30	chr12q	826	0.1621864853810061	0.06300882446035237	1.044642152554917	-0.29621043260487745	0.6401737600072134	233305	68754613
100	2000	30	chr13q	916	-0.5172190310554383	-0.1648699510410514	0.8920089242182802	-0.5673733006813613	0.34210191036887183	214139	82136943
100	2000	30	chr14p	1	-0.36552453944069196	-0.9359420889668051	0.5227010313553024	-0.9359420889668051	-0.9359420889668051	149	96064
100	2000	30	chr14q	793	0.6309910317655612	0.6185528149908494	1.535334295999827	0.25953973893862275	1.1778393481776543	647913	67448144
100	2000	30	chr15q	700	0.2649139956528318	0.0770767572344065	1.054878439391513	-0.37708881156217766	0.7820817640602507	391334	56805088
100	2000	30	chr16p	259	0.3961155292640579	-0.15026240979723154	0.9010865503232717	-0.5656341123522899	0.5403634727960661	195885	21593376
100	2000	30	chr16q	368	0.10630908396719552	-0.06667667950726962	0.9548349769772583	-0.44713814392762674	0.48468222971913977	139716	31522223
100	2000	30	chr17p	167	0.41254389447763096	-0.2971654703877415	0.8138498349395148	-0.8032492536215858	0.8086917999162037	90448	12922554
100	2000	30	chr17q	440	0.4695303096534992	0.0447326175876724	1.031491989640165	-0.3727752896333625	0.8007038296378948	249707	33171658
100	2000	30	chr18p	145	0.1489283453117225	-0.0008398602432072994	0.9994180226549051	-0.37492328908476197	0.6269609725772526	60255	12124938
100	2000	30	chr18q	558	-0.431135951784915	-0.17516581634158845	0.885665719148009	-0.529775137200767	0.22086564752477333	106189	49342371
100	2000	30	chr19p	136	1.693581747842075	0.7842959704845095	1.7222516622729218	-0.25347522853129756	2.4853244586160863	139471	8958367
100	2000	30	chr19q	184	1.5547541334216586	0.7097053346237385	1.635470044009025	-0.10043253640232568	1.976440649504088	193336	12914279
100	2000	30	chr1p	1042	-0.10442660619968247	-0.3178982669642974	0.8022377349275046	-0.7469143905797728	0.1969198277985012	313925	85319727
100	2000	30	chr1q	928	0.1271910067549712	0.11698208872757583	1.0844639449791287	-0.2856277734565372	0.7247011477378608	379103	75721468
100	2000	30	chr20p	241	0.1449805338001755	-0.012425318069194155	0.9914244077836974	-0.4015767863661857	0.5221462839859213	61927	20399440
100	2000	30	chr20q	279	0.3096436151073658	-0.227357057874725	0.8541983060620052	-0.5303500565075534	0.19649900551490157	82392	22653481
100	2000	30	chr21p	13	0.0	0.7547977653066306	1.6873950393311454	-1.1838773530626898	3.628154838978174	41427	1190302
100	2000	30	chr21q	306	0.007263099350426794	0.1481971117570392	1.1081837458510388	-0.1989436403203187	0.6487584157745139	95311	26516838
100	2000	30	chr22p	5	-1.7285951891803257	-1.9090334173731127	0.2662708831023984	-3.1615823869885884	2.263877913101186	2303	490000
100	2000	30	chr22q	261	0.9090476282170079	0.1416830687462905	1.1031913643360187	-0.37708940263623053	0.9755114956596996	235978	20045965
100	2000	30	chr2p	830	0.030623904476548836	0.055471144026286015	1.0391984211550336	-0.3513067935797195	0.520744263467168	299921	71916942
100	2000	30	chr2q	1328	-0.05333563600265384	0.07543365992230984	1.0536777135019322	-0.2741997787811313	0.5623790612336403	432283	113486018
100	2000	30	chr3p	805	-0.33004581269005084	-0.21032980316268357	0.864339618841465	-0.5728857676599595	0.23949437277916563	193016	69076163
100	2000	30	chr3q	961	-0.021749583390454852	0.17801218836932692	1.1313240206085278	-0.17687504439148766	0.6601754277832427	403782	81219775
100	2000	30	chr4p	450	-0.36417418117834494	-0.27371759008923946	0.8271852754647682	-0.6024808771559864	0.12096378371023994	98061	39271225
100	2000	30	chr4q	1321	-0.5547012855350678	-0.19080047062831335	0.8761194768343994	-0.5548655836903419	0.2658995722540463	284206	116989798
100	2000	30	chr5p	434	0.39191458894642983	0.6621092406241946	1.5823944164719483	0.2898416186524221	1.078140519836042	203309	39239320
100	2000	30	chr5q	1208	-0.13169769238933993	-0.0065248886348826945	0.9954875038826524	-0.5055310090772596	0.5590012353581448	361108	104179396
100	2000	30	chr6p	531	0.5299611115343164	0.4391662128103225	1.355820521804337	0.021140750069682704	1.0377475817960533	259212	44400328
100	2000	30	chr6q	1026	-0.37178933666637537	-0.17722378064991867	0.8844032423164402	-0.5545705254632315	0.30639405622006755	233848	89479046
100	2000	30	chr7p	550	0.09762406772002952	0.15441912429802473	1.1129734088981862	-0.24534588166526144	0.7222119622080709	311300	46717786
100	2000	30	chr7q	892	-0.33188991816853647	-0.2500843485334746	0.8408472528846668	-0.8088690980999071	0.36960959518799336	348629	75287509
100	2000	30	chr8p	399	-0.20031318592560587	-0.2998214905095297	0.8123529052843256	-0.6539559353714275	0.20764117987473768	114427	33705892
100	2000	30	chr8q	928	-0.07381123896159814	0.09995949273762013	1.0717433702450276	-0.3065272673349285	0.5215818238386963	250521	81702109
100	2000	30	chr9p	391	-0.37599539855054576	-0.1622997034256634	0.8935995079767661	-0.8975559030733407	0.6210007901669691	129073	34458381
100	2000	30	chr9q	666	0.010314179094525144	-0.14254697388966037	0.9059184092146025	-0.5771418961083349	0.3243013768291416	237072	55324184
100	2000	30	chrXp	525	-0.5058292949568546	-0.5104704308625441	0.7019934960315322	-0.9633993319748505	0.1440249012914792	121948	45336666
100	2000	30	chrXq	813	-0.5547012855350678	-0.5804293672371447	0.6687647135695536	-1.0270871184672001	0.0030142478653559374	223276	72524246
100	2000	30	chrYp	68	-2.365122738860656	-2.5294351377300863	0.17320648624095528	-3.0319419126764675	-0.663897413531074	6666	6574165
100	2000	30	chrYq	88	-2.5813692359971476	-2.6583140246610695	0.1584045823193	-3.5485579112058487	-0.5321588606902798	14435	8441471
100	500	60	chr10p	378	-0.3287753100948615	-0.29982641118166486	0.8123501345563653	-0.6546519853839894	0.14583245890530294	94495	34922849
100	500	60	chr10q	909	0.1466582884845229	0.05554294117029046	1.0392501391780156	-0.2856511708499143	0.5197160637916244	313419	82111880
100	500	60	chr11p	502	0.043477811727151705	0.029594562218855147	1.0207252329698258	-0.30530475502712495	0.590854672683722	185232	44608678
100	500	60	chr11q	780	0.28516754447031856	0.11907590536819124	1.0860389952316776	-0.2566578940665468	0.6616605025339074	284679	68565207
100	500	60	chr12p	327	0.2704319624687672	0.22264810827006276	1.1668734517802495	-0.14891912165118598	0.7598777148514972	108782	28849046
100	500	60	chr12q	939	0.12129156832609578	0.061029854043351484	1.0432101807113785	-0.28947969124602435	0.5651857301141693	275501	82865548
100	500	60	chr13q	949	-0.5510338120974029	-0.17689276158147416	0.8846061874414813	-0.5713884798504297	0.3020732129487276	223846	89433627
100	500	60	chr14q	876	0.577808477242887	0.645455659035966	1.5642332537624013	0.27249548016585456	1.1716084987920858	653876	78707833
100	500	60	chr15q	800	0.24773747992047135	0.042533493936627476	1.029920867274748	-0.3589094259067566	0.6781123971917538	374568	69984216
100	500	60	chr16p	333	0.3725119057325943	-0.18172516846629871	0.881648094729085	-0.5663885232128557	0.4070312140396527	172930	28118483
100	500	60	chr16q	435	0.15611084239884998	-0.06778862883715464	0.9540993266649986	-0.42095011541504995	0.4805423622716489	167345	38225976
100	500	60	chr17p	218	0.3148986618784977	-0.342871279557437	0.7884705200017886	-0.7573233682496077	0.48134935355977704	88004	17793855
100	500	60	chr17q	544	0.5307504709364668	0.08077450923221807	1.0575856518709497	-0.34100141540986445	0.6785300100938434	268721	44392028
100	500	60	chr18p	154	0.10989734511095728	-0.01568495093829675	0.9891869068522268	-0.287979854978077	0.5719328394508316	63139	14011848
100	500	60	chr18q	585	-0.45584824667390433	-0.15994362246785238	0.895060047336163	-0.48137138724852313	0.21855580802186225	118400	54633137
100	500	60	chr19p	233	1.4725921834949802	0.4007417716992091	1.320186519392258	-0.28851897040748253	1.3586813364209473	187389	16971541
100	500	60	chr19q	297	1.4317587751891065	0.5320028215344671	1.4459351224142019	-0.0879306724156107	1.5994029978751123	286859	22185164
100	500	60	chr1p	1200	-0.1220448674359631	-0.3272781415425511	0.7970387982051984	-0.7317566224187283	0.1406296805443491	332354	105012260
100	500	60	chr1q	1038	0.09895912479564783	0.0982042545700772	1.0704402390002181	-0.3081232783436586	0.6976847807063271	388877	91041915
100	500	60	chr20p	256	0.1746693711832339	-0.01967102890178274	0.9864576162314767	-0.3250687689341358	0.5983690450187269	72889	23387939
100	500	60	chr20q	333	0.3148122266018194	-0.20269229904303276	0.8689274920260819	-0.5100051935205555	0.2039563101573415	107293	28748102
100	500	60	chr21p	13	-0.806948806031026	-1.5733855538977455	0.3360189369563467	-2.3440502845347564	2.668596416269254	20621	1244829
100	500	60	chr21q	333	0.07579741457131317	0.1721295385391589	1.1267203913605721	-0.1763664152184793	0.6910567231578607	103990	30354906
100	500	60	chr22p	3	0.8454045604202387	1.1221770217961922	2.1767519591207205	-1.034352207400996	1.17094001936175	928	300000
100	500	60	chr22q	328	0.9079062278927565	0.09685576205278046	1.0694401619164715	-0.3002511087753716	0.8589273624826894	259074	27271835
100	500	60	chr2p	901	0.024079973537426858	0.08296475452388574	1.059192457975746	-0.3162527821354013	0.5206212412677668	301818	82421964
100	500	60	chr2q	1446	-0.06919207797158716	0.06889761202349665	1.0489148835098827	-0.26377072794594114	0.5549321860193425	461347	131294935
100	500	60	chr3p	871	-0.3358991546960437	-0.20867062158159583	0.8653342305211695	-0.5917788054065762	0.22279713800391077	224241	79403296
100	500	60	chr3q	1035	-0.013478786079574423	0.1868258187521485	1.1382565953709531	-0.16409146894689935	0.6557117152161447	390622	94189048
100	500	60	chr4p	477	-0.3984918554907877	-0.271191304357043	0.8286350184791378	-0.6024829099665477	0.1730253584695508	108340	44145904
100	500	60	chr4q	1381	-0.6135430135754136	-0.18900351771855872	0.8772114098285277	-0.548326298854857	0.25063174330671223	300226	129409648
100	500	60	chr5p	457	0.3784494078232201	0.6537611479060033	1.573264400032235	0.29294611325867403	1.0532929610785082	209833	42975695
100	500	60	chr5q	1278	-0.16041667830848172	0.0012542694715921843	1.000869771379838	-0.476218235475581	0.5600644304658771	393798	117200383
100	500	60	chr6p	579	0.5131325723887066	0.4022040265409853	1.3215252831065591	0.00929351588644367	1.0358556629331848	282739	51794733
100	500	60	chr6q	1076	-0.41112943899908155	-0.1692712134510787	0.8892917991114978	-0.5403977258238596	0.2867439681631943	252324	100004701
100	500	60	chr7p	580	0.0946294509677108	0.15028490111953818	1.1097886097172378	-0.20584418866317442	0.6722539654284808	293391	53245790
100	500	60	chr7q	959	-0.3425452294312027	-0.2506759381067879	0.8405025268834416	-0.7666519349629554	0.34609507515818044	337656	86952639
100	500	60	chr8p	425	-0.24375941517949684	-0.30947795850156645	0.8069336966433243	-0.6331986060969845	0.20110715745868446	119479	38708750
100	500	60	chr8q	975	-0.1034478100628452	0.10859345872185222	1.0781765663376524	-0.2698954655956418	0.5405791229055901	280571	90931716
100	500	60	chr9p	409	-0.3980436051585954	-0.1515402298177415	0.9002887956814875	-0.8604028735842862	0.5651320779200174	130345	38022738
100	500	60	chr9q	724	0.07100564161093648	-0.12094790254066656	0.9195832528133314	-0.5181825826251294	0.3033697259633682	246121	64281220
100	500	60	chrXp	546	-0.5510338120974029	-0.5242041160256028	0.6953426001222078	-1.027085557367232	0.10660050124219814	130793	50597967
100	500	60	chrXq	851	-0.6135430135754136	-0.6133351169686326	0.6536838154370155	-1.0643263546873742	-0.039129121912711895	230280	79673640
100	500	60	chrYp	68	-2.315256808071464	-2.75317784227486	0.14832381457420507	-3.6235157523762886	-1.1578312257905288	5672	6697885
100	500	60	chrYq	84	-2.588198863573469	-2.5839432083450316	0.16678446154674414	-3.4412280081943747	-0.7935353654757397	11860	8190326
250	100	30	chr10p	151	-0.40063185213408015	-0.3674439226722942	0.7751546516546739	-0.633687358408805	0.17517572777771387	100769	36424839
250	100	30	chr10q	364	0.15720628716824037	0.024905512102284116	1.01741305544966	-0.277891032613846	0.5313987374172691	376606	86605396
250	100	30	chr11p	201	0.08065025314674767	0.024225466035880078	1.0169335884216184	-0.30020560468521307	0.5381830534856902	202665	47292403
250	100	30	chr11q	314	0.30917812413648893	0.08981380773306644	1.0642328251437403	-0.2156386046547705	0.5597450732031741	319582	72978362
250	100	30	chr12p	132	0.3171197561766691	0.2589876226216855	1.1966386968105964	-0.02244139075385279	0.8938767796385455	127829	30971437
250	100	30	chr12q	381	0.1777949404708561	0.0931979357586035	1.066732124960425	-0.2935442012446976	0.5347338699149076	315571	88949822
250	100	30	chr13q	378	-0.6286031684497275	-0.15780023710400526	0.8963908098092264	-0.47994330103634447	0.3410619945172001	246695	91608061
250	100	30	chr14q	351	0.6444574418064248	0.6053468703155838	1.5213444894459263	0.3559618943061311	1.0642061466282624	726239	82851849
250	100	30	chr15q	320	0.30636495203936553	0.07194921963334658	1.0511359102731168	-0.291696344597416	0.8948446296338597	466667	74581080
250	100	30	chr16p	136	0.4441153584963595	-0.27161480092442847	0.8283918121361813	-0.6005689355760512	0.5607391327595433	248730	30843907
250	100	30	chr16q	175	0.3652709666378944	-0.11325001207912108	0.9245030523193867	-0.40942896431392745	0.430931156352255	198930	40765816
250	100	30	chr17p	86	0.6412241322002951	-0.24491398963528566	0.843866104106272	-0.7567879911793376	0.5990852855696195	125831	19172223
250	100	30	chr17q	222	0.7188871877558606	0.07559456951192159	1.0537952409759512	-0.2669967721333447	0.7639280724115606	344888	49754314
250	100	30	chr18p	61	0.034907841798006434	0.04985268805989865	1.0351592195211705	-0.4090057420822095	0.6393192384934352	73161	14568778
250	100	30	chr18q	234	-0.5109411123212735	-0.1945245371222599	0.8738608430722372	-0.47350287578923966	0.1461513814516411	125543	56502388
250	100	30	chr19p	94	1.6406540841299224	0.3673933759390262	1.2900199491205417	-0.21725788919352737	1.4848804888333769	236693	19812057
250	100	30	chr19q	122	1.7339056416976426	0.6059221256200235	1.5219512261194938	-0.03071959923387299	1.4891733270330545	353961	25797303
250	100	30	chr1p	480	-0.07260508065261029	-0.3954842927524667	0.7602341337081882	-0.6874886926026897	0.06511701167255213	388199	112115612
250	100	30	chr1q	421	0.14103700095162197	0.13236413543386585	1.0960883836416526	-0.22795914497016054	0.8475447071004623	473863	98312668
250	100	30	chr20p	101	0.12007931869413113	0.04166480399638986	1.0293009077074453	-0.2884368569265787	0.4024803754337598	77942	24167281
250	100	30	chr20q	133	0.3921855745386005	-0.2302376541447739	0.8524944493865457	-0.5390365819025835	0.09934883056597912	122897	30925513
250	100	30	chr21p	2	1.573347496759136	1.2134232052740077	2.3188720301845787	0.3682799880552553	2.0585664224927602	7200	492760
250	100	30	chr21q	134	0.010785298882337035	0.18698479735400722	1.1383820331161003	-0.14183570175654733	0.6005281672042377	121110	31944647
250	100	30	chr22p	1	1.6767909192222386	2.166528815276559	4.489419202890717	2.166528815276559	2.166528815276559	1873	240000
250	100	30	chr22q	131	1.0313544587361398	0.15742764180495963	1.1152967645650695	-0.3093666177290195	0.8898255575487239	305671	29775946
250	100	30	chr2p	360	-0.038265252264719885	-0.003189347810279658	0.9977917543273025	-0.28937647860922805	0.41952761995340837	355544	86102077
250	100	30	chr2q	583	-0.10133065105967365	0.1088003924888015	1.0783312262857254	-0.19286608634180738	0.5440494033064598	513098	138781871
250	100	30	chr3p	351	-0.35001299076745307	-0.2228953084502083	0.8568441308229335	-0.5454240230613039	0.14131926154917532	252152	83615570
250	100	30	chr3q	417	-0.021729282004767425	0.20307474952595786	1.1511491336086814	-0.1122273244704117	0.6833521688523828	465764	99519541
250	100	30	chr4p	191	-0.45907366553284756	-0.381964578060475	0.7673918892486797	-0.5689780232905333	0.024502560118382505	122392	45930459
250	100	30	chr4q	551	-0.7078603473338534	-0.2092356317973528	0.8649954014968392	-0.49214416180899073	0.2486074792078749	323396	133559534
250	100	30	chr5p	183	0.24936336751213783	0.5929911877094072	1.5083708632058448	0.3060650756746173	1.0087132761409339	228502	44407107
250	100	30	chr5q	520	-0.21617915447958158	0.02764801841239531	1.019348956950249	-0.4553568580306933	0.5336229869847168	432888	124316209
250	100	30	chr6p	232	0.5278575505636872	0.4243274300850995	1.3419467548554476	0.16107427400175386	0.9822545295336155	312041	54553288
250	100	30	chr6q	430	-0.5643220012123631	-0.18302895246916626	0.8808516967337893	-0.498264736907005	0.2290008516661545	273042	103660136
250	100	30	chr7p	232	0.08026695064895217	0.13476115333741043	1.097911033100973	-0.18097525322869706	0.7965797933160077	349017	55616366
250	100	30	chr7q	384	-0.3411088711853326	-0.20572136162502627	0.8671050177554598	-0.7019648478142053	0.3413453840587197	402227	91295343
250	100	30	chr8p	169	-0.30422652520703886	-0.3159008425335905	0.8033492096278039	-0.5960682694239012	0.05620850038334016	127242	40365750
250	100	30	chr8q	390	-0.15971750827526865	0.09462834688424984	1.0677902988247088	-0.2358990912222919	0.5008806973853397	298174	94122968
250	100	30	chr9p	168	-0.27613063287591977	-0.0635370964716597	0.9569151448963654	-0.5744855555914472	0.6954237295443142	149938	40490437
250	100	30	chr9q	291	0.08567351046087301	-0.22359177744415434	0.8564305844183628	-0.4884213522115277	0.2235742370350853	290938	68591669
250	100	30	chrXp	218	-0.5100581259112673	-0.4969137311555613	0.708621070405838	-0.8983301298572208	0.09478749837933159	138288	52429685
250	100	30	chrXq	348	-0.6224360460533118	-0.634164930387976	0.644313652429395	-1.065591030304218	0.17337501263827662	248189	84025407
250	100	30	chrYp	28	-2.0023812910120586	-1.9556323663445332	0.2578077669951521	-2.8868474124430823	-0.8764935369337288	6537	6958211
250	100	30	chrYq	45	-2.4907444021023624	-2.487906825809813	0.1782647272457924	-3.8192171600069904	-1.6806114535569248	14496	11081055
250	500	30	chr10p	151	-0.3873517633561435	-0.33961011565358645	0.7902548471961753	-0.5938271445933565	0.157090575725231	95873	34886243
250	500	30	chr10q	363	0.15923022746998594	0.007264099715559913	1.005047787605849	-0.2819712694794203	0.4610402893326627	349320	81929656
250	500	30	chr11p	201	0.048899904655715254	0.02070522156217236	1.01445524699423	-0.28198023871598443	0.5249587022823847	189667	44700368
250	500	30	chr11q	313	0.24202027355289668	0.09579720839315886	1.0686557656639453	-0.20938540781262205	0.6099386603468469	296100	68429885
250	500	30	chr12p	131	0.2944743812345805	0.3289937726849941	1.2561369590846752	-0.11038114801501592	0.978987364340282	118229	28722551
250	500	30	chr12q	380	0.1694627875780379	0.061652493805775754	1.0436605075692957	-0.27684814957711074	0.5597524266022077	283069	83370810
250	500	30	chr13q	378	-0.5946461490897367	-0.13989367138502068	0.9075860431958331	-0.47689832551148403	0.3523029617758064	230335	88888200
250	500	30	chr14q	351	0.6530838273725663	0.6442008638107402	1.5628733412148503	0.30579502688646554	1.0644879763853687	696568	78674824
250	500	30	chr15q	320	0.2726941638513034	0.07354590918302589	1.0522998893267765	-0.30096455868032645	0.9154767524365097	441267	69743634
250	500	30	chr16p	135	0.3455941165874843	-0.26923949951542836	0.8297568275409678	-0.5477641487537506	0.5491326705193407	223754	28241855
250	500	30	chr16q	175	0.28459207004727527	-0.05762599134877322	0.9608439237703538	-0.4067403882749367	0.4177617022541752	177648	38262177
250	500	30	chr17p	86	0.4523419038930314	-0.32031740470686954	0.8008936550515834	-0.7513862378566049	0.5041737910973172	111846	17358234
250	500	30	chr17q	221	0.5992952803939209	0.03178970947899029	1.0222795099554474	-0.29384532709534095	0.7894024498927724	297598	44984397
250	500	30	chr18p	61	0.10747368794846279	0.10309429059579511	1.074074667904186	-0.3526881000812804	0.672419473732341	70110	13861848
250	500	30	chr18q	234	-0.5073916664310818	-0.18867637663381379	0.8774103461407201	-0.4531457606159516	0.15060228942112103	119272	54617182
250	500	30	chr19p	94	1.3501961982398925	0.20093749656870252	1.149445048309935	-0.2735603582320998	1.5079886559983575	188670	16895155
250	500	30	chr19q	122	1.5726940370328955	0.6568341927171883	1.5766191386742223	-0.013496008292071204	1.587907286515318	307231	22367447
250	500	30	chr1p	480	-0.08949248501159524	-0.3750072464333168	0.7711015395708676	-0.6749327096648281	0.094178942714814	359013	104915508
250	500	30	chr1q	420	0.10071632567855404	0.14140076464137874	1.1029755148506888	-0.2446460902218039	0.8985561782866047	441642	91840798
250	500	30	chr20p	101	0.0885297472145763	-0.028255625599130862	0.9806052389146112	-0.30712066151333994	0.4033731165191161	72243	23071039
250	500	30	chr20q	133	0.2994746430061541	-0.24291573420926638	0.8450357403216354	-0.5636486384582085	0.11864452098108424	109002	28714585
250	500	30	chr21p	2	1.6481337812018197	1.2780223932752355	2.425063279264867	0.426116957293006	2.129927829257465	7142	475726
250	500	30	chr21q	134	0.023038953276703578	0.16405904431062857	1.120435068626766	-0.1587486152971192	0.5621080349977627	112183	30448698
250	500	30	chr22p	1	1.7053468793529867	2.206072600710491	4.614174613404274	2.206072600710491	2.206072600710491	1873	240000
250	500	30	chr22q	131	0.9095563866288507	0.12339352984350582	1.0892941060359747	-0.32349188744095636	0.929784168984082	280823	27144374
250	500	30	chr2p	360	0.005976236358655629	0.010910621407049903	1.0075913356547612	-0.2865231565134557	0.4210031031322137	334475	82286836
250	500	30	chr2q	583	-0.06393518904538875	0.1203143101371531	1.086971647837346	-0.17296398942072858	0.5785726647674735	488582	131912247
250	500	30	chr3p	351	-0.35933380117793623	-0.2000825202844443	0.870500770357501	-0.5469582454211764	0.1978020668901041	231231	79744257
250	500	30	chr3q	416	-0.039385371388431456	0.20405813360444125	1.151934058762966	-0.13015899556569674	0.6985763401982389	448604	94566555
250	500	30	chr4p	191	-0.42264026471093885	-0.3588852879886499	0.7797668412071215	-0.5389295349825185	0.03858793740399702	114599	44181202
250	500	30	chr4q	551	-0.6917373397238612	-0.20102441429671802	0.8699326309743374	-0.4937860868819082	0.2646179316830664	313513	129092575
250	500	30	chr5p	183	0.29161787727991495	0.6026948661727549	1.5185504783937438	0.31381236746035	1.0408140490131563	216813	43035157
250	500	30	chr5q	520	-0.20946907815317317	0.04479944161765098	1.0315397683085976	-0.4487012689326608	0.5400853520709776	407864	119098779
250	500	30	chr6p	231	0.4879246625325493	0.45722565445852226	1.37289915202333	0.11735882867783254	0.9949932914786637	290862	51527611
250	500	30	chr6q	430	-0.5213640255825498	-0.17261577858356839	0.8872325632335654	-0.480196104185987	0.2560916385271205	260868	99775321
250	500	30	chr7p	232	0.10168996485438198	0.16986956184029023	1.1249567695513187	-0.17147939179036123	0.7849710942888679	333878	53245790
250	500	30	chr7q	383	-0.3208360159695196	-0.19403276153180382	0.8741587692951441	-0.6912708865049235	0.3590055125034219	386782	86710492
250	500	30	chr8p	169	-0.28476542306029307	-0.332912707204972	0.7939319677252273	-0.585183896119934	0.049058324664051745	119779	38480930
250	500	30	chr8q	390	-0.16657294583618443	0.10362059741759	1.0744665705121856	-0.21823265401512362	0.5352918224631115	283395	90867991
250	500	30	chr9p	168	-0.26254516697201463	-0.08008469473076485	0.9460021091771087	-0.6077501994690893	0.6891071261895977	139913	39057755
250	500	30	chr9q	289	0.04835239191437357	-0.2109868011386402	0.8639460913939817	-0.5043605768412278	0.2516823925467191	264514	64363773
250	500	30	chrXp	218	-0.5671400527769586	-0.47282170675858104	0.7205539174612325	-0.9027757469937425	0.078459872419257	130256	50467322
250	500	30	chrXq	345	-0.614183767611858	-0.6539842480102659	0.6355227835369547	-1.0580012274832062	0.1795922117192641	234995	80750958
250	500	30	chrYp	28	-1.9678372120168772	-1.9186911759076757	0.264494352651525	-2.816872632834297	-0.8075474807738446	6498	6915929
250	500	30	chrYq	45	-2.4988162775715934	-2.5654810314064243	0.16893251831708803	-3.746853277091933	-1.641815706015651	14390	10901105
250	2000	30	chr10p	148	-0.3394775890903645	-0.34473289611737734	0.7874537540756541	-0.6126292019645163	0.14067945730657194	84558	30913562
250	2000	30	chr10q	355	0.14466598693493848	0.04297144893831928	1.0302335650055137	-0.26635357008722793	0.46518224911294176	312032	71842616
250	2000	30	chr11p	192	-0.017920030083367733	0.019187851415348234	1.013388843591358	-0.3306428857203485	0.49931007385427345	157776	38465486
250	2000	30	chr11q	295	0.30836836027128434	0.1354000608246433	1.0983973582815627	-0.21642850797983082	0.6486782236352371	255345	58317430
250	2000	30	chr12p	124	0.3261970384930569	0.1976515839177696	1.146830027170726	-0.10389461144577561	0.8755201875765392	97435	23784312
250	2000	30	chr12q	353	0.1348683358712035	0.04537908059723783	1.0319542985957806	-0.27712558112432517	0.5702255137671748	237484	70046925
250	2000	30	chr13q	373	-0.5216450384974366	-0.11519772545473533	0.923255767231713	-0.45334029168978107	0.37097158742127	214094	82217800
250	2000	30	chr14q	336	0.6852113055161292	0.6504050332159375	1.5696087978942512	0.3313935576138347	1.085084507630547	644647	68566273
250	2000	30	chr15q	302	0.2793797966774706	0.10159521792693577	1.0729592001823327	-0.31551959455065715	0.990402618856079	397458	58030826
250	2000	30	chr16p	108	0.3952587301148588	-0.1842607341376279	0.880099941250659	-0.5255291829952886	0.939584773352483	193556	21372643
250	2000	30	chr16q	160	0.05345579669443179	-0.02693681876097964	0.9815020467124964	-0.4158487551317156	0.4434985931456653	149026	32135835
250	2000	30	chr17p	70	0.30633293157791297	-0.37041742744771056	0.773558643967829	-0.6897105256101103	0.5344414993607175	93375	12638192
250	2000	30	chr17q	189	0.5358183622973007	0.028891576982337464	1.0202279830624503	-0.31255399017232066	0.8581542329276162	237915	33838713
250	2000	30	chr18p	61	0.10105933181154558	-0.033869503632812936	0.9767968793591121	-0.341923533747994	0.7521310833321271	61581	12226636
250	2000	30	chr18q	233	-0.4712294771503378	-0.18076209772399965	0.8822368351966005	-0.5075441732877706	0.17446797945295067	107366	50030977
250	2000	30	chr19p	60	1.530923568029067	0.5580632838767337	1.4722914428758627	-0.4185067869862587	2.2308924353855053	136616	9104986
250	2000	30	chr19q	77	1.7980337666001556	0.9026029510683318	1.8694358310056058	0.12093367394779975	1.6938381138460674	187571	12603980
250	2000	30	chr1p	446	-0.04445989097530856	-0.337756029683702	0.7912710996203912	-0.671184497591701	0.08417527597521629	309242	87243297
250	2000	30	chr1q	397	0.15627824120946565	0.11655119680108195	1.0841400948447995	-0.241256013780756	0.8699621056293365	382571	77440368
250	2000	30	chr20p	99	0.08387604195296161	-0.004894099557985587	0.9966134161449337	-0.31279915557825777	0.5085545710907179	62807	20413729
250	2000	30	chr20q	119	0.36428603238911506	-0.269400819123051	0.8296640507873551	-0.5616943048307541	0.14301919706677158	88476	23081412
250	2000	30	chr21p	2	1.827192782650761	1.397374362828279	2.6342173046391655	0.506182592057519	2.2885661335990393	7049	439975
250	2000	30	chr21q	127	0.021512015592466183	0.17942452129343955	1.1324320777252046	-0.19186774878418872	0.5683894678523193	97162	26670054
250	2000	30	chr22p	1	1.7701582687359476	2.233884904030081	4.703989709200047	2.233884904030081	2.233884904030081	1873	240000
250	2000	30	chr22q	115	0.9431451502616852	0.08562508806400526	1.061147413638115	-0.32221813227978746	1.2668124120473065	245579	20590866
250	2000	30	chr2p	346	0.01430828688517738	0.034045037916970944	1.0238788632827893	-0.29660648070186635	0.40013463875539645	304244	72823854
250	2000	30	chr2q	552	-0.03358975959190691	0.09543251739265202	1.0683856601497979	-0.20785020422375067	0.569644747820055	434102	114566453
250	2000	30	chr3p	336	-0.32068322322410253	-0.19689419230466382	0.8724266874644742	-0.5426194140927543	0.20376399454252847	192870	70071832
250	2000	30	chr3q	401	0.0039505071417869075	0.18106392605053018	1.133719646966339	-0.16185728267179778	0.7140819385808637	405183	82444939
250	2000	30	chr4p	188	-0.3372573126203514	-0.3459001692801282	0.7868168891387121	-0.5807980186349523	0.07097646796603324	102958	39912348
250	2000	30	chr4q	544	-0.6273133469059486	-0.1770101019069102	0.884534241705307	-0.4990649425758009	0.2756761843121262	287233	117975764
250	2000	30	chr5p	179	0.3564292666628759	0.659664928234047	1.5797156857513521	0.3478286213089693	1.0916136690313174	199069	39635189
250	2000	30	chr5q	507	-0.17493476024493848	-0.0008030174274384905	0.999443545612431	-0.4798352287724055	0.5690648855537453	367717	106280299
250	2000	30	chr6p	223	0.5239700840334689	0.47494890423723146	1.3898689941418279	0.1609812534144106	1.0616237068903787	261840	44960554
250	2000	30	chr6q	424	-0.4506449487095307	-0.1666677809868337	0.890898030021231	-0.47465972544880997	0.2950200053853506	238467	90223806
250	2000	30	chr7p	228	0.11634770325304966	0.14577878783035164	1.1063277039921169	-0.1541953202818159	0.7813603722218885	310651	47372496
250	2000	30	chr7q	369	-0.23792858902531056	-0.16926362610921963	0.8892964760379748	-0.7211057913005893	0.34910242699687644	350561	75915029
250	2000	30	chr8p	164	-0.24513974745101358	-0.2913179133944672	0.8171552396864493	-0.6454969808420736	0.06473372197904342	107013	33860159
250	2000	30	chr8q	382	-0.11263148717089444	0.12371120829676152	1.0895339927472745	-0.23983238249003616	0.5328015382367747	253673	82355694
250	2000	30	chr9p	166	-0.22020443133722634	-0.04770844093212012	0.9674718294777077	-0.6512844614072388	0.8055198271708096	131077	35559448
250	2000	30	chr9q	272	0.07317031214030423	-0.19622678132816396	0.8728303776652079	-0.55163947819455	0.27831305747353174	230893	54676594
250	2000	30	chrXp	213	-0.5029090337574856	-0.44193339488017225	0.7361474161285197	-0.8818010186955786	0.0982799548528237	117079	45216689
250	2000	30	chrXq	337	-0.5243428869493809	-0.6141182058054986	0.6533290948739143	-1.0031475319785828	0.2120375316712746	219181	74181111
250	2000	30	chrYp	28	-1.8661751877191157	-1.8548813984213424	0.27645538933728697	-2.68594426687978	-0.7696832080121891	6427	6811083
250	2000	30	chrYq	44	-2.606931660745466	-2.6849619667578644	0.15550555614441952	-3.6689745904315814	-1.5435325302980152	14032	10310456
250	500	60	chr10p	151	-0.4237699348674854	-0.33101569477595005	0.7949766025186573	-0.5808400357580856	0.14176065035581176	94246	34886243
250	500	60	chr10q	363	0.1684694265144866	0.01291516837065998	1.0089923025410092	-0.2737949698668544	0.45920081898402104	312215	81929656
250	500	60	chr11p	201	0.06564632116288105	0.02051802846384565	1.0143236275625236	-0.2729222793805318	0.52317033214946	185879	44700368
250	500	60	chr11q	313	0.2298684208854418	0.11273902269119651	1.081279147058233	-0.19184319235843883	0.5363168097600383	282703	68429885
250	500	60	chr12p	131	0.28585587589464323	0.23733440829535402	1.1788126180351322	-0.09853820586708062	0.9671636844067295	109048	28722551
250	500	60	chr12q	380	0.18416021819160622	0.07828034201809408	1.0557588509501594	-0.26912429815821753	0.5410309296051576	277810	83370810
250	500	60	chr13q	378	-0.5937143100435229	-0.13527209279466262	0.9104980971347548	-0.47575901236942747	0.35676814687243463	223798	88888200
250	500	60	chr14q	351	0.635684801150677	0.6494547908724185	1.5685753032116247	0.31874877376999267	1.058987207313365	648671	78674824
250	500	60	chr15q	320	0.2843046319512754	0.0719686052267195	1.0511500345541755	-0.2915136357219198	0.8079215865668496	378006	69743634
250	500	60	chr16p	135	0.32836290604920415	-0.31947599908325996	0.8013608868315408	-0.5798364254739191	0.3632350550365503	172456	28241855
250	500	60	chr16q	175	0.29211572086256976	-0.05445436686937544	0.9629585690867735	-0.4076580243057178	0.415391177116997	167456	38262177
250	500	60	chr17p	86	0.4317930580895645	-0.32490473304344514	0.798351102950651	-0.7460100201672515	0.4400738770295369	84823	17358234
250	500	60	chr17q	220	0.5402948209891799	0.04545846898548056	1.03201108637165	-0.2772538375161559	0.762121511575492	263588	44778178
250	500	60	chr18p	61	0.12666121339825986	0.11198585299472918	1.0807148045446875	-0.3398422149590158	0.6784278526755682	62520	13861848
250	500	60	chr18q	234	-0.49829316442834887	-0.18487358854631702	0.8797261556843242	-0.4404731934532023	0.16073212750158417	118421	54617182
250	500	60	chr19p	94	1.3641244475737095	0.21884258580671745	1.1637995439044737	-0.24446155219046717	1.5331489416932682	185935	16895155
250	500	60	chr19q	122	1.5289464288952932	0.6658022021977487	1.5864501644118068	0.01516319555174761	1.4979887853156257	289503	22367447
250	500	60	chr1p	480	-0.08910789196782509	-0.37128430260136	0.7730939738028486	-0.6787635672760723	0.09519385654064771	325226	104915508
250	500	60	chr1q	420	0.07338002349600725	0.12954804591814417	1.093950944800168	-0.23990269849391554	0.8616008246223786	390669	91840798
250	500	60	chr20p	101	0.10753240271473885	-0.015279326745255672	0.9894650630392803	-0.2860086019712481	0.42429232792427063	71634	23071039
250	500	60	chr20q	133	0.3186621684559512	-0.2342931378289218	0.8501014123982575	-0.5472520744160375	0.13004110885465991	107167	28714585
250	500	60	chr21p	2	1.0786294137549504	0.7125410547711057	1.6386878385605033	-0.16450042236121298	1.5895825319034245	4888	475726
250	500	60	chr21q	134	0.013617952407656841	0.17538551835494853	1.1292661280706724	-0.16639866707519207	0.5303905209201313	104210	30448698
250	500	60	chr22p	1	0.8151871735833784	1.3104232267112708	2.4801428639153467	1.3104232267112708	1.3104232267112708	997	240000
250	500	60	chr22q	131	0.8914766825322686	0.09779797657003553	1.0701388342838958	-0.3248886331306813	0.790542470191064	257512	27144374
250	500	60	chr2p	360	0.01204989473969309	0.011335054686083534	1.0078878073244708	-0.27722120034229747	0.3915052131726044	304991	82286836
250	500	60	chr2q	583	-0.06129346573399164	0.10686888784733461	1.0768885040981397	-0.17999166816307516	0.5534966315293653	461346	131912247
250	500	60	chr3p	351	-0.3402523072154584	-0.19382329252309438	0.8742857001151606	-0.5359840471334417	0.20164295680113997	225303	79744257
250	500	60	chr3q	416	-0.030775775362661406	0.2068135028200021	1.1541362126913282	-0.12828133094145058	0.7116227168346296	391833	94566555
250	500	60	chr4p	191	-0.4294465141351649	-0.3508862345607044	0.7841022829592547	-0.5351831937303126	0.04277047135094181	108480	44181202
250	500	60	chr4q	551	-0.6803587374848283	-0.19542433478267685	0.8733159927976704	-0.5001519467140119	0.26787491440086186	299794	129092575
250	500	60	chr5p	183	0.29496233297703145	0.6134382398804159	1.5299009372622654	0.32050066632480523	1.0450270116065739	204595	43035157
250	500	60	chr5q	515	-0.19885227968592956	0.035618395616764054	1.0249960823626305	-0.4470474541340991	0.5260690010950111	394219	117900922
250	500	60	chr6p	231	0.4964615165005275	0.46739130012284547	1.3826071582494213	0.12074819865764441	0.9946082809102121	283885	51527611
250	500	60	chr6q	430	-0.5162655770957619	-0.17856218685510902	0.8835831508478602	-0.48151984853807395	0.2510425295851676	252694	99775321
250	500	60	chr7p	232	0.11832447222782072	0.18738348351579415	1.1386966664014757	-0.171749460396732	0.7824168874785834	293346	53245790
250	500	60	chr7q	383	-0.3450572762296158	-0.19861101290216393	0.8713891090298378	-0.7031605679087489	0.29193994698005205	337015	86710492
250	500	60	chr8p	169	-0.2847198472898126	-0.3197994315924727	0.8011812528103227	-0.5887366807748206	0.05258246001086986	112120	38480930
250	500	60	chr8q	390	-0.16693169842864675	0.1114836520545201	1.0803386740919254	-0.21306754234300346	0.5136459025217122	280287	90867991
250	500	60	chr9p	168	-0.4615163424621732	-0.1217383552577971	0.9190795510843872	-0.8165469527150221	0.6723619532683742	130605	39057755
250	500	60	chr9q	285	0.03979349236614538	-0.20275604352668342	0.8688890999133432	-0.5113741194080736	0.23342207200359522	241104	63365649
250	500	60	chrXp	218	-0.558628749145853	-0.4830735032902091	0.7154518078160602	-0.9103349255055326	0.0834605820202754	127763	50467322
250	500	60	chrXq	345	-0.6152924966648636	-0.662810841280786	0.6316464437117085	-1.048274714619697	0.12821153554511866	227539	80750958
250	500	60	chrYp	28	-2.3181868983075065	-2.0992504885335403	0.23337946210361038	-3.010851792431612	-1.2686147736140512	5431	6915929
250	500	60	chrYq	39	-2.19804014199876	-2.439105676192368	0.18439792464852903	-3.536218198019137	-1.2678464224173156	11544	9463485
