region	filter	public_panel_sites_with_any_pileup_output	candidate_heterozygous_sites	oneMb_blocks	site_MAF_median	site_MAF_Q25	site_MAF_Q75	block_median_MAF	block_bootstrap95_low	block_bootstrap95_high	median_fragment_depth
centromere	candidate_heterozygous_base	222	12	4	0.3331451157538114	0.2159177074041035	0.3992178530424799	0.2530132358430074			112.5
centromere	candidate_heterozygous_stringent	222	11	4	0.3246753246753247	0.2015722569134701	0.3758480325644505	0.24877834030376403			121.0
chr17p	candidate_heterozygous_base	3486	600	22	0.22636544190665342	0.196673931583436	0.2571428571428571	0.22340223085314248	0.2147929185242618	0.22740881872618401	104.0
chr17p	candidate_heterozygous_stringent	3486	460	22	0.22800567595459237	0.20146766874645491	0.25675675675675674	0.22810584322420763	0.21587944219523167	0.23024948024948028	126.0
chr17q	candidate_heterozygous_base	7469	1294	53	0.39759036144578314	0.36363636363636365	0.4291889666529436	0.3969465648854962	0.39244186046511625	0.4025294117647059	116.5
chr17q	candidate_heterozygous_stringent	7469	1041	53	0.39743589743589747	0.36538461538461536	0.42585551330798477	0.396078431372549	0.38759245342720405	0.4	142.0
chr2p	candidate_heterozygous_base	5135	671	67	0.38571428571428573	0.3497787610619469	0.42343137254901964	0.3843052109181141	0.3742105263157895	0.3925576519916143	80.0
chr2p	candidate_heterozygous_stringent	5135	479	57	0.38596491228070173	0.35581845068820384	0.418979744936234	0.3865348399246704	0.3820649755229194	0.3929824561403509	105.0
chr2q	candidate_heterozygous_base	9153	1175	118	0.39090909090909093	0.3531490334649761	0.42700527960993706	0.38673020527859236	0.38137755102040816	0.39340007415647016	85.0
chr2q	candidate_heterozygous_stringent	9153	863	108	0.3910614525139665	0.3582089552238806	0.4234435379991413	0.3859474827498083	0.3792173601106766	0.3924518645479802	113.0
chr3p	candidate_heterozygous_base	5169	673	66	0.21428571428571427	0.18518518518518517	0.24444444444444444	0.2109733371559633	0.2016860664156111	0.2203742203742204	85.0
chr3p	candidate_heterozygous_stringent	5169	439	60	0.21839080459770116	0.19130434782608696	0.24423179160021263	0.21083077185792348	0.20481927710843373	0.21956521739130436	126.0
chr3q	candidate_heterozygous_base	6241	833	88	0.375	0.33962264150943394	0.41284403669724773	0.3756816556409798	0.3717757370477036	0.3855489171023152	81.0
chr3q	candidate_heterozygous_stringent	6241	582	77	0.375	0.34228310502283105	0.4090909090909091	0.37644172037575296	0.3675	0.3845238095238095	108.0
chr5p	candidate_heterozygous_base	2481	341	38	0.430379746835443	0.3870967741935484	0.4619883040935672	0.4295698924731183	0.4124116163697196	0.4387240177820497	101.0
chr5p	candidate_heterozygous_stringent	2481	255	34	0.4331161364507474	0.3886340468909276	0.4621769477457084	0.42401433691756274	0.40963855421686746	0.43875	142.0
chr5q	candidate_heterozygous_base	7340	977	102	0.27450980392156865	0.2153846153846154	0.43636363636363634	0.238787520652187	0.22982493384008068	0.25806451612903225	94.0
chr5q	candidate_heterozygous_stringent	7340	712	86	0.2911821705426356	0.22249907715023995	0.4535213913197207	0.24364047484454493	0.22886246053639728	0.2702749080925124	127.0
chr8p	candidate_heterozygous_base	2912	489	39	0.23170731707317072	0.19672131147540983	0.2828282828282829	0.22951505016722407	0.21621621621621623	0.23728813559322035	97.0
chr8p	candidate_heterozygous_stringent	2912	372	38	0.23137412112988776	0.2	0.283043197936815	0.2261884500445918	0.21943704197201866	0.23728813559322037	119.0
chr8q	candidate_heterozygous_base	4539	736	78	0.3913886080215706	0.35294117647058826	0.428716020821284	0.39382791352311675	0.38636363636363635	0.4011494252873563	94.5
chr8q	candidate_heterozygous_stringent	4539	544	67	0.39263110307414106	0.35878300803673935	0.42775428637627433	0.3952328159645233	0.3864365971107544	0.40384615384615385	124.0
chr9p	candidate_heterozygous_base	2161	254	31	0.22634310134310132	0.18466952264381883	0.316376306620209	0.23214285714285715	0.2129032258064516	0.3283582089552239	84.0
chr9p	candidate_heterozygous_stringent	2161	170	25	0.2246783911415079	0.1907505285412262	0.2928773919206237	0.22288135593220337	0.21088286713286714	0.32307692307692304	117.5
chr9q	candidate_heterozygous_base	6050	866	69	0.2	0.173484393757503	0.22672480620155036	0.20023148148148145	0.1956521739130435	0.20540540540540542	99.0
chr9q	candidate_heterozygous_stringent	6050	636	60	0.201878969654199	0.17630898513251456	0.22521220035444456	0.19740893496120188	0.19231241447628	0.20387968616942437	124.0
BAP1_plusminus0bp	candidate_heterozygous_base	1	1	1	0.2158273381294964	0.2158273381294964	0.2158273381294964	0.2158273381294964			139.0
BAP1_plusminus0bp	candidate_heterozygous_stringent	1	1	1	0.2158273381294964	0.2158273381294964	0.2158273381294964	0.2158273381294964			139.0
BAP1_plusminus250000bp	candidate_heterozygous_base	223	43	1	0.2321428571428571	0.20103626943005184	0.25942420152946466	0.2321428571428571			81.0
BAP1_plusminus250000bp	candidate_heterozygous_stringent	223	27	1	0.2328042328042328	0.2043049543049543	0.2552372492412466	0.2328042328042328			117.0
BAP1_plusminus1000000bp	candidate_heterozygous_base	488	87	3	0.22388059701492535	0.19691004533524217	0.24592918066683894	0.20753205128205127			81.0
BAP1_plusminus1000000bp	candidate_heterozygous_stringent	488	57	3	0.22419928825622776	0.19718309859154928	0.24528301886792447	0.2222222222222222			117.0
BAP1_plusminus5000000bp	candidate_heterozygous_base	1153	136	10	0.2222222222222222	0.19551961823966063	0.24754795455956297	0.20984092326887085	0.1902454780361757	0.23015322580645162	80.0
BAP1_plusminus5000000bp	candidate_heterozygous_stringent	1153	89	10	0.2222222222222222	0.19685039370078738	0.2450331125827815	0.20707663815707553	0.1965065502183406	0.22943299744322454	113.0
RASA1_plusminus0bp	candidate_heterozygous_base	11	0	0							
RASA1_plusminus0bp	candidate_heterozygous_stringent	11	0	0							
RASA1_plusminus250000bp	candidate_heterozygous_base	85	0	0							
RASA1_plusminus250000bp	candidate_heterozygous_stringent	85	0	0							
RASA1_plusminus1000000bp	candidate_heterozygous_base	101	1	1	0.24242424242424243	0.24242424242424243	0.24242424242424243	0.24242424242424243			33.0
RASA1_plusminus1000000bp	candidate_heterozygous_stringent	101	0	0							
RASA1_plusminus5000000bp	candidate_heterozygous_base	302	24	4	0.20550527903469082	0.17804621848739496	0.2356060606060606	0.20550527903469082			55.0
RASA1_plusminus5000000bp	candidate_heterozygous_stringent	302	12	3	0.2073287180711387	0.1837557603686636	0.2301470588235294	0.20046138902379798			77.5
MTAP_plusminus0bp	candidate_heterozygous_base	48	2	1	0.3966733870967742	0.39188508064516125	0.4014616935483871	0.3966733870967742			31.5
MTAP_plusminus0bp	candidate_heterozygous_stringent	48	0	0							
MTAP_plusminus250000bp	candidate_heterozygous_base	147	5	1	0.4411764705882353	0.40625	0.4782608695652174	0.4411764705882353			46.0
MTAP_plusminus250000bp	candidate_heterozygous_stringent	147	2	1	0.46142593162919615	0.45130120110871574	0.47155066214967656	0.46142593162919615			276.0
MTAP_plusminus1000000bp	candidate_heterozygous_base	223	23	1	0.2417061611374408	0.20387273102310233	0.4051117549668874	0.2417061611374408			211.0
MTAP_plusminus1000000bp	candidate_heterozygous_stringent	223	16	1	0.21382716049382716	0.1914865136202396	0.2841731009857479	0.21382716049382716			223.5
MTAP_plusminus5000000bp	candidate_heterozygous_base	485	57	7	0.4166666666666667	0.25531914893617025	0.4658119658119658	0.445078031212485	0.3684210526315789	0.46504884004884006	103.0
MTAP_plusminus5000000bp	candidate_heterozygous_stringent	485	40	6	0.41736972704714637	0.2428589727167926	0.4642857142857143	0.43818082788671026	0.31113893235958967	0.46781853767147885	118.5
CDKN2A_plusminus0bp	candidate_heterozygous_base	8	2	1	0.46142593162919615	0.45130120110871574	0.47155066214967656	0.46142593162919615			276.0
CDKN2A_plusminus0bp	candidate_heterozygous_stringent	8	2	1	0.46142593162919615	0.45130120110871574	0.47155066214967656	0.46142593162919615			276.0
CDKN2A_plusminus250000bp	candidate_heterozygous_base	124	4	1	0.42371323529411764	0.4014616935483871	0.45130120110871574	0.42371323529411764			101.0
CDKN2A_plusminus250000bp	candidate_heterozygous_stringent	124	2	1	0.46142593162919615	0.45130120110871574	0.47155066214967656	0.46142593162919615			276.0
CDKN2A_plusminus1000000bp	candidate_heterozygous_base	209	23	1	0.2417061611374408	0.20387273102310233	0.4051117549668874	0.2417061611374408			211.0
CDKN2A_plusminus1000000bp	candidate_heterozygous_stringent	209	16	1	0.21382716049382716	0.1914865136202396	0.2841731009857479	0.21382716049382716			223.5
CDKN2A_plusminus5000000bp	candidate_heterozygous_base	484	57	7	0.4166666666666667	0.25531914893617025	0.4658119658119658	0.445078031212485	0.3684210526315789	0.46504884004884006	103.0
CDKN2A_plusminus5000000bp	candidate_heterozygous_stringent	484	40	6	0.41736972704714637	0.2428589727167926	0.4642857142857143	0.43818082788671026	0.31113893235958967	0.46781853767147885	118.5
CDKN2B_plusminus0bp	candidate_heterozygous_base	2	0	0							
CDKN2B_plusminus0bp	candidate_heterozygous_stringent	2	0	0							
CDKN2B_plusminus250000bp	candidate_heterozygous_base	109	4	1	0.42371323529411764	0.4014616935483871	0.45130120110871574	0.42371323529411764			101.0
CDKN2B_plusminus250000bp	candidate_heterozygous_stringent	109	2	1	0.46142593162919615	0.45130120110871574	0.47155066214967656	0.46142593162919615			276.0
CDKN2B_plusminus1000000bp	candidate_heterozygous_base	204	23	1	0.2417061611374408	0.20387273102310233	0.4051117549668874	0.2417061611374408			211.0
CDKN2B_plusminus1000000bp	candidate_heterozygous_stringent	204	16	1	0.21382716049382716	0.1914865136202396	0.2841731009857479	0.21382716049382716			223.5
CDKN2B_plusminus5000000bp	candidate_heterozygous_base	488	57	7	0.4166666666666667	0.25531914893617025	0.4658119658119658	0.445078031212485	0.3684210526315789	0.46504884004884006	103.0
CDKN2B_plusminus5000000bp	candidate_heterozygous_stringent	488	40	6	0.41736972704714637	0.2428589727167926	0.4642857142857143	0.43818082788671026	0.31113893235958967	0.46781853767147885	118.5
APC_plusminus0bp	candidate_heterozygous_base	19	10	1	0.4682902016671623	0.45732466521212867	0.48833910605310904	0.4682902016671623			901.5
APC_plusminus0bp	candidate_heterozygous_stringent	19	10	1	0.4682902016671623	0.45732466521212867	0.48833910605310904	0.4682902016671623			901.5
APC_plusminus250000bp	candidate_heterozygous_base	78	19	2	0.4658691062631949	0.45308123249299725	0.4813743976534674	0.46824847757677224			207.0
APC_plusminus250000bp	candidate_heterozygous_stringent	78	17	2	0.4658691062631949	0.45378151260504207	0.4774774774774775	0.46824847757677224			440.0
APC_plusminus1000000bp	candidate_heterozygous_base	187	48	2	0.4637037839008282	0.43546099290780144	0.47847847847847846	0.4637037839008282			95.5
APC_plusminus1000000bp	candidate_heterozygous_stringent	187	35	2	0.4658691062631949	0.43156825245039443	0.48223733938019653	0.4657363649653219			129.0
APC_plusminus5000000bp	candidate_heterozygous_base	494	68	6	0.457028014757412	0.4160714285714286	0.4755638371823589	0.44042882638461234	0.2605629250860465	0.4637037839008282	93.5
APC_plusminus5000000bp	candidate_heterozygous_stringent	494	50	6	0.4583639181143463	0.41648351648351645	0.477905954735223	0.447470073554156	0.2717417868746643	0.4657363649653219	117.5
