BAP1_candidate	normal_reference_neighbor	substitutions	mismatch_positions1	reference_record_count	example_reference_header
EERKGLYL	ASRKGLYL	2	1,2	1	ENSP00000321987.4|ENST00000323084.9|ENSG00000175894.18|OTTHUMG00000041215.4|OTTHUMT00000098761.3|TSPEAR-201|TSPEAR|669
EERKGLYL	EEDKGLYS	2	3,8	3	ENSP00000386574.3|ENST00000409663.7|ENSG00000121210.16|OTTHUMG00000153244.6|OTTHUMT00000330370.1|TMEM131L-202|TMEM131L|1609
EERKGLYL	EEEKELYL	2	3,5	2	ENSP00000313851.10|ENST00000315596.15|ENSG00000083642.19|OTTHUMG00000016704.6|OTTHUMT00000044428.4|PDS5B-201|PDS5B|1447
EERKGLYL	EEEKILYL	2	3,5	3	ENSP00000421288.1|ENST00000499810.6|ENSG00000120705.13|OTTHUMG00000129199.6|OTTHUMT00000373726.1|ETF1-202|ETF1|404
EERKGLYL	EEGKGRYL	2	3,6	6	ENSP00000476610.1|ENST00000608083.5|ENSG00000097021.20|OTTHUMG00000001295.8|OTTHUMT00000473098.1|ACOT7-210|ACOT7|338
EERKGLYL	EERKCLIL	2	5,7	1	ENSP00000280614.2|ENST00000280614.4|ENSG00000151014.6|OTTHUMG00000161271.7|OTTHUMT00000257231.5|NOCT-201|NOCT|431
EERKGLYL	EERKGALL	2	6,7	6	ENSP00000386442.3|ENST00000409078.8|ENSG00000074054.20|OTTHUMG00000153331.9|OTTHUMT00000330853.4|CLASP1-203|CLASP1|1471
EERKGLYL	EERKGELL	2	6,7	2	ENSP00000369415.3|ENST00000380075.7|ENSG00000138100.14|OTTHUMG00000097078.3|OTTHUMT00000214199.2|TRIM54-202|TRIM54|358
EERKGLYL	EERKGLIT	2	7,8	3	ENSP00000444171.1|ENST00000543196.6|ENSG00000139629.16|OTTHUMG00000185181.4|OTTHUMT00000469735.1|GALNT6-202|GALNT6|622
EERKGLYL	EERKGLLP	2	7,8	1	ENSP00000349365.1|ENST00000356897.1|ENSG00000197272.2|OTTHUMG00000097023.4|OTTHUMT00000214114.1|IL27-201|IL27|243
EERKGLYL	EERKLLSL	2	5,7	1	ENSP00000341988.2|ENST00000344803.3|ENSG00000214929.4|OTTHUMG00000169122.3|OTTHUMT00000402325.2|SPATA31D1-201|SPATA31D1|1576
EERKGLYL	EERKQLGL	2	5,7	1	ENSP00000482680.1|ENST00000618172.5|ENSG00000124228.15|OTTHUMG00000033072.5|OTTHUMT00000476218.1|DDX27-205|DDX27|765
EERKGLYL	EERKRLYQ	2	5,8	1	ENSP00000295704.2|ENST00000295704.7|ENSG00000163481.8|OTTHUMG00000133077.3|OTTHUMT00000256721.2|RNF25-201|RNF25|459
EERKGLYL	EERKSLKL	2	5,7	1	ENSP00000406327.2|ENST00000411948.7|ENSG00000203667.10|OTTHUMG00000040401.2|OTTHUMT00000097174.2|COX20-203|COX20|118
EERKGLYL	EERSGLQL	2	4,7	8	ENSP00000264052.5|ENST00000264052.9|ENSG00000067066.17|OTTHUMG00000133203.18|OTTHUMT00000256914.2|SP100-201|SP100|879
EERKGLYL	EKRRGLYL	2	2,4	7	ENSP00000334198.7|ENST00000348261.11|ENSG00000196557.13|OTTHUMG00000172992.5|OTTHUMT00000421601.3|CACNA1H-201|CACNA1H|2353
EERKGLYL	ERRKGLKL	2	2,7	1	ENSP00000288368.4|ENST00000288368.5|ENSG00000046889.19|OTTHUMG00000164402.3|OTTHUMT00000378620.2|PREX2-201|PREX2|1606
EERKGLYL	GERKGLVL	2	1,7	1	ENSP00000416595.1|ENST00000415196.1|ENSG00000186453.13|OTTHUMG00000151903.3|OTTHUMT00000324343.1|FAM228A-202|FAM228A|136
EERKGLYL	IERKGFYL	2	1,6	3	ENSP00000420598.2|ENST00000470610.6|ENSG00000080224.17|OTTHUMG00000159208.8|OTTHUMT00000353837.2|EPHA6-202|EPHA6|547
EERKGLYL	KERKGDYL	2	1,6	8	ENSP00000497602.1|ENST00000650070.2|ENSG00000171793.16|OTTHUMG00000005712.13|OTTHUMT00000500784.2|CTPS1-217|CTPS1|591
EERKGLYL	KERKGLEL	2	1,7	3	ENSP00000315988.4|ENST00000324472.9|ENSG00000177990.12|OTTHUMG00000168712.6|OTTHUMT00000400689.3|DPY19L2-202|DPY19L2|758
EERKGLYL	LERKGGYL	2	1,6	3	ENSP00000387057.1|ENST00000410018.5|ENSG00000099338.23|OTTHUMG00000153223.7|OTTHUMT00000330201.1|CATSPERG-204|CATSPERG|1119
EERKGLYL	LERKGLYI	2	1,8	1	ENSP00000282701.2|ENST00000282701.4|ENSG00000152785.8|OTTHUMG00000130292.2|OTTHUMT00000252634.2|BMP3-201|BMP3|472
EERKGLYL	PERKGLSL	2	1,7	1	ENSP00000392252.1|ENST00000433387.1|ENSG00000138892.11|OTTHUMG00000150241.7|OTTHUMT00000317008.5|TTLL8-202|TTLL8|849
