gene	protein	chrom	position_1based	ref	alt	DNA_allele_fraction	DNA_allele_fraction_source	status	public_exact_variant_ids	gnomADe:ALL_observed_alt_frequency	gnomADg:ALL_observed_alt_frequency	1000GENOMES:phase_3:ALL_observed_alt_frequency	gnomAD_any_population_max_alt_frequency	Ensembl_clinical_significance_not_allele_specific	clinical_metadata_warning	public_synonym_ids	neoantigen_triage
TAP1	p.D637G	chr6	32847198	T	C	1.0	research read-count screen	queried	rs1135216	0.1466	0.1749	0.191493610223642	0.2374	benign;likely benign	Clinical significance is public variation-record metadata, potentially multi-allelic/condition-dependent; not clinical adjudication of this specific allele.	RCV000014733;RCV000454796;RCV001518268;VCV000013730	Deprioritize as tumor-specific: observed allele common (>=1% in a global reference population); germline test still establishes patient status.
TAP1	p.V518I	chr6	32848666	C	T	0.46564885496183206	research read-count screen	queried	rs41561219	0.02905	0.02812	0.0265575079872204	0.08114	benign	Clinical significance is public variation-record metadata, potentially multi-allelic/condition-dependent; not clinical adjudication of this specific allele.	RCV000529187;VCV000466382	Deprioritize as tumor-specific: observed allele common (>=1% in a global reference population); germline test still establishes patient status.
TAP1	p.A370V	chr6	32850459	G	A	0.4265129682997118	research read-count screen	queried	rs2127679	0.02906	0.02814	0.0265575079872204	0.08114	benign;uncertain significance	Clinical significance is public variation-record metadata, potentially multi-allelic/condition-dependent; not clinical adjudication of this specific allele.	RCV000540185;RCV001999676;VCV000466377;VCV001506055	Deprioritize as tumor-specific: observed allele common (>=1% in a global reference population); germline test still establishes patient status.
TAP1	p.I333V	chr6	32850997	T	C	1.0	research read-count screen	queried	rs1057141	0.1737	0.2016	0.22823482428115	0.2758	benign;likely benign	Clinical significance is public variation-record metadata, potentially multi-allelic/condition-dependent; not clinical adjudication of this specific allele.	RCV000014732;RCV000455466;RCV001518269;VCV000013729	Deprioritize as tumor-specific: observed allele common (>=1% in a global reference population); germline test still establishes patient status.
TAP2	p.A565T	chr6	32830032	C	T	0.42206235011990406	research read-count screen	queried	rs2228396	0.08924	0.09179	0.0796725239616613	0.1195	benign	Clinical significance is public variation-record metadata, potentially multi-allelic/condition-dependent; not clinical adjudication of this specific allele.	RCV001519354;VCV001168813	Deprioritize as tumor-specific: observed allele common (>=1% in a global reference population); germline test still establishes patient status.
TAP2	p.V379I	chr6	32832635	C	T	0.4132231404958678	research read-count screen	queried	rs1800454	0.1403	0.1439	0.145966453674121	0.1871	benign;not provided;uncertain significance	Clinical significance is public variation-record metadata, potentially multi-allelic/condition-dependent; not clinical adjudication of this specific allele.	RCV000014727;RCV000455533;RCV001517538;RCV001824569;RCV002701056;RCV004991973;VCV000013724;VCV001959006	Deprioritize as tumor-specific: observed allele common (>=1% in a global reference population); germline test still establishes patient status.
TAPBP	p.T260R	chr6	33305078	G	C	1.0	research read-count screen	queried	rs2071888	0.538	0.593	0.591253993610224	0.7456	benign;not provided	Clinical significance is public variation-record metadata, potentially multi-allelic/condition-dependent; not clinical adjudication of this specific allele.	RCV000455054;RCV000987678;RCV001824779;VCV000403518	Deprioritize as tumor-specific: observed allele common (>=1% in a global reference population); germline test still establishes patient status.
IFNGR1	p.L467P	chr6	137198101	A	G	1.000	Caris VCF	queried	rs1887415	0.02135	0.0208	0.0838658146964856	0.2782	benign	Clinical significance is public variation-record metadata, potentially multi-allelic/condition-dependent; not clinical adjudication of this specific allele.	RCV000368555;RCV002229897;VCV000355552	Deprioritize as tumor-specific: observed allele common (>=1% in a global reference population); germline test still establishes patient status.
IFNGR2	p.Q64R	chr21	33415005	A	G	0.38275862068965516	research read-count screen	queried	rs9808753	0.162	0.1787	0.271964856230032	0.4869	benign	Clinical significance is public variation-record metadata, potentially multi-allelic/condition-dependent; not clinical adjudication of this specific allele.	RCV001520782;RCV001673101;RCV003487396;VCV001169473	Deprioritize as tumor-specific: observed allele common (>=1% in a global reference population); germline test still establishes patient status.
NLRC5	p.P191L	chr16	57025515	C	T	0.5714285714285714	research read-count screen	queried	rs74439742		0.1317	0.123003194888179	0.2638		Clinical significance is public variation-record metadata, potentially multi-allelic/condition-dependent; not clinical adjudication of this specific allele.		Deprioritize as tumor-specific: observed allele common (>=1% in a global reference population); germline test still establishes patient status.
NLRC5	p.N907D	chr16	57037202	A	G	1.0	research read-count screen	queried	rs1672867	0.9859	0.9905	0.994408945686901	1.0		Clinical significance is public variation-record metadata, potentially multi-allelic/condition-dependent; not clinical adjudication of this specific allele.		Deprioritize as tumor-specific: observed allele common (>=1% in a global reference population); germline test still establishes patient status.
CIITA	p.Q900R	chr16	10909070	A	G	1.000	Caris VCF	queried	rs7197779	0.9933	0.9345	0.928714057507987	1.0	benign	Clinical significance is public variation-record metadata, potentially multi-allelic/condition-dependent; not clinical adjudication of this specific allele.	RCV000292677;RCV000455801;RCV001824732;VCV000317718	Deprioritize as tumor-specific: observed allele common (>=1% in a global reference population); germline test still establishes patient status.
