Gene	TPM	NumReads
B2M	5188.133256	21107.0
CIITA	69.075667	1439.487
IFNGR1	125.594819	1804.0
IFNGR2	36.096033	443.973
IRF1	79.105012	581.097
JAK1	1533.981748	32170.999
JAK2	284.17597100000006	17648.0
NLRC5	10.794310000000001	226.99900000000002
PSMB8	25.697240000000004	333.303
PSMB9	16.520398	190.0
RFX5	9.682797	199.0
RFXANK	27.105892	289.977
RFXAP	1.733332	48.0
STAT1	69.99277699999999	2560.002
TAP1	19.112757000000002	486.787
TAP2	11.074798000000001	206.53999999999996
TAPBP	82.780837	1293.999
